"","Q_TotalDuration","psid","good_complete","urban_rural","age","gender","highest_degree","employment_status","employment_text","occupation","hhincome","white","black","am_indian","asian","pac_islander","race_other","race_text","latino","partyid","partyid_text","ind_lean","dem_strength","rep_strength","polinterest","ideology","nep1","nep2_rev","nep3_rev","nep4","nep5","Q60_11","Q60_12","Q60_13","Q60_14","Q60_15","griz_control","species_griz","species_eagles","species_bison","species_wolf","species_bbear","griz_treat1","griz_treat2","griz_support","survival","forests","SafetyThreat","LivelihoodThreat","Tourism","Feds","ThreatPP","OtherSpecies","Extinction","LocalControl","Ranchers","OutdoorRec","Ag","Urban","Rural","Q72_33","rec_fishing","rec_hunting","rec_hiking","rec_birding","rec_camping","rec_backpacking","rec_ocean","rec_other","recother_text","rec_climbing","rec_skiing","Q66","natpark_ca","griz_comments","animals_suffering","animals_veg","animals_displace","animals_humanuse_rev","vote2016","votechoice","votechoice_text","gtreat1num","gtreat2num","college","rural","caseid","weights","altruism","egoism","biospherism","Benefits","EcologicalImpacts","Factor3","Factor4"
"6",933,"ga0A5miCVojML8tYAGGV5w**",1,1,73,2,6,4,"",8,5,1,NA,NA,NA,NA,NA,"",2,3,"",5,NA,NA,3,3,5,1,1,5,2,13,13,15,14,13,NA,3,3,3,3,NA,NA,1,4,3,3,3,3,2,4,3,3,4,3,4,3,4,2,3,5,NA,NA,NA,NA,NA,NA,NA,NA,"",NA,NA,3,2,"",4,4,3,3,4,2,"",0,1,TRUE,FALSE,6,0.514396588594512,4.33333333333333,3.33333333333333,4.33333333333333,0.131351832990183,-0.605528483119829,1.24501226765777,-1.08352503935035
"12",1662,"ga0A5miCVohm8zH93HpZdg**",1,1,51,2,4,1,"",1,6,NA,1,NA,NA,NA,NA,"",2,2,"",NA,7,NA,3,2,3,3,3,3,3,13,13,13,13,13,NA,3,3,3,3,NA,NA,1,4,3,3,3,3,3,3,3,3,3,3,3,3,3,3,3,5,NA,NA,1,NA,NA,NA,NA,NA,"",NA,NA,3,2,"no",1,1,2,4,4,2,"",0,1,FALSE,FALSE,12,0.936024804290519,4.66666666666667,3.33333333333333,2.66666666666667,0.585767974455258,-1.14923387478689,-0.560764189620366,-0.0219530714939459
"29",882,"ga0A5miCVojNhcmZ4OeWQw**",1,1,37,1,6,2,"",1,6,1,NA,NA,NA,NA,NA,"",2,2,"",NA,7,NA,4,4,5,2,3,5,2,13,14,12,14,11,NA,3,3,3,3,NA,NA,1,6,4,5,2,2,5,5,2,5,5,3,3,5,3,4,3,5,1,NA,1,NA,1,NA,NA,NA,"",NA,NA,4,1,"Maybe it would be a great idea",4,1,2,3,4,2,"",0,1,TRUE,FALSE,29,0.885998057602182,4.66666666666667,4,3,0.24872032331661,2.30480411449502,0.693465532478023,-0.299782796172413
"31",904,"ga0A5miCVohCqWZaDr5knQ**",1,2,33,2,2,7,"full time mom",9,5,1,NA,NA,NA,1,NA,"",2,3,"",3,NA,NA,3,4,5,3,1,5,5,13,13,12,13,13,NA,3,3,3,3,NA,1,NA,5,3,4,3,2,3,3,3,3,3,3,3,3,3,3,3,5,NA,NA,NA,NA,NA,NA,NA,NA,"",NA,NA,3,1,"nothing",4,1,3,5,4,1,"",1,0,FALSE,FALSE,31,0.936024804290519,3,4.33333333333333,5,0.214025106627475,-0.0926519759219347,-0.350598877304061,0.101150381266103
"35",1639,"ga0A5miCVoh2LyMFIAtm1A**",1,1,70,1,8,5,"",8,7,1,NA,NA,NA,NA,NA,"",2,3,"",4,NA,NA,5,4,2,4,3,3,2,14,14,13,13,13,NA,3,3,3,3,NA,NA,1,4,2,2,4,1,2,3,4,2,4,3,4,2,4,1,2,5,NA,NA,1,NA,NA,NA,NA,NA,"",NA,NA,4,1,"It's not clear to me why once being here is reason to reintroduce grizzly bears.  Saber tooth tigers might have been here at one time, but that's not a good reason to reintroduce them.",2,1,2,3,4,3,"Jill Stein",0,1,TRUE,FALSE,35,0.885998057602182,3.33333333333333,1.66666666666667,3,-0.75512732566244,-1.50415521183651,0.291312977155542,0.188988168520741
"40",573,"ga0A5miCVoiiQkReYBko9g**",1,2,27,1,3,4,"",9,4,1,NA,NA,NA,NA,NA,"",2,3,"",5,NA,NA,3,1,5,1,1,5,5,15,15,15,13,12,NA,3,3,2,3,NA,1,NA,7,5,5,2,1,3,2,1,5,5,3,1,3,1,3,4,5,NA,1,1,NA,1,NA,NA,NA,"",NA,NA,1,2,"",4,1,3,3,4,2,"",1,0,FALSE,FALSE,40,1.61221162203818,4.66666666666667,2.66666666666667,5,0.409076850641434,1.21908674736087,-2.49834839805448,-0.827208920005728
"41",1483,"ga0A5miCVohzc_5jpXQpKw**",1,1,21,2,1,4,"",9,2,NA,NA,NA,NA,NA,NA,"",1,2,"",NA,7,NA,3,3,3,3,3,5,1,13,13,13,13,12,NA,3,3,2,2,NA,NA,1,6,3,3,3,2,4,4,4,3,5,3,3,4,3,4,3,5,NA,NA,NA,NA,NA,NA,NA,1,"Horse riding",NA,NA,NA,2,"",4,2,5,3,1,4,"",0,1,FALSE,FALSE,41,1.93418664702352,5,3.66666666666667,4,1.0036205739002,-0.739421890467759,-0.499976445745529,1.4818935738227
"42",1746,"ga0A5miCVoiHfTVXXUZk8Q**",1,1,NA,1,5,2,"",3,1,NA,NA,NA,NA,1,NA,"",2,3,"",4,NA,NA,4,4,2,4,4,2,1,13,13,12,14,12,NA,3,3,3,1,NA,NA,1,5,3,3,4,1,3,4,3,2,5,3,4,4,4,2,3,5,NA,NA,1,1,NA,NA,NA,NA,"",1,NA,2,1,"",4,2,4,3,1,4,"",0,1,TRUE,FALSE,42,0.885998057602182,5,1.66666666666667,4,0.347329405703234,-0.668172967554221,1.0074287868014,-0.463415180557456
"53",467,"ga0A5miCVoiwDwb7D9-nzA**",1,1,57,1,6,1,"",1,7,1,NA,NA,NA,NA,NA,"",2,3,"",4,NA,NA,3,4,2,4,3,3,4,14,13,13,13,13,11,3,3,3,3,3,1,NA,3,3,3,3,3,3,3,3,2,3,3,3,3,3,3,3,NA,NA,NA,1,NA,NA,NA,NA,NA,"",NA,NA,4,2,"No",3,1,4,2,4,3,"Independant",1,0,TRUE,FALSE,53,0.885998057602182,4,2.66666666666667,4,0.627375666857906,-1.46047563902648,-0.734158854784086,0.14474092873669
"70",1144,"ga0A5miCVoiCr3MpEMDEsA**",1,3,52,1,3,6,"",8,2,1,NA,NA,NA,NA,NA,"",1,2,"",NA,6,NA,5,3,5,1,1,5,5,13,13,15,13,11,11,3,1,3,1,1,1,NA,1,4,3,4,3,3,4,5,3,3,3,4,2,4,1,1,NA,1,NA,NA,NA,1,NA,NA,NA,"",NA,NA,5,1,"",5,5,4,3,4,2,"",1,0,FALSE,TRUE,70,1.47898857552658,5,2.33333333333333,4.66666666666667,-2.11503324104932,0.794648596330004,1.05804185583279,0.721309266711597
"73",1214,"ga0A5miCVoiAzDnMsdtAiQ**",1,2,67,1,4,5,"",8,2,1,NA,NA,NA,NA,NA,"",2,2,"",NA,6,NA,2,5,2,4,4,2,4,13,13,14,14,12,11,3,3,3,3,3,1,NA,3,3,2,3,2,2,3,4,3,3,3,4,2,3,2,2,NA,NA,NA,NA,NA,NA,NA,NA,NA,"",NA,NA,5,2,"",4,1,4,2,4,2,"",1,0,FALSE,FALSE,73,1.61221162203818,3.33333333333333,2,4,-0.56964940515628,-1.401568050024,-0.364348729221415,0.517138021140301
"74",989,"ga0A5miCVohNQTql4LK1FA**",1,3,65,1,5,2,"",3,4,1,NA,NA,NA,NA,NA,"",2,3,"",5,NA,NA,5,3,5,2,1,5,5,12,11,14,14,11,11,3,1,1,1,1,NA,1,4,4,4,3,2,3,4,3,4,4,3,3,4,2,3,3,NA,NA,NA,1,NA,NA,NA,NA,NA,"",NA,NA,2,1,"no",4,3,4,2,4,2,"",0,1,TRUE,TRUE,74,0.393336743892783,4,2.33333333333333,4.33333333333333,0.122343367833417,0.619705698311006,-0.814913676650943,0.645116694073439
"75",2826,"ga0A5miCVogDtnzoT4_0bw**",1,2,NA,2,5,1,"",3,3,1,NA,NA,NA,NA,NA,"",2,1,"",NA,NA,2,4,4,4,4,4,2,2,15,13,15,14,11,11,3,1,2,1,1,1,NA,4,1,3,4,1,1,5,5,3,5,3,4,1,4,1,1,NA,NA,NA,NA,NA,NA,NA,NA,NA,"",NA,NA,5,1,"We have brown bears, which cause enough trouble as they encroch on populated areas.  I don't see why we need grizzlies, which are even bigger",4,1,1,3,4,2,"",1,0,TRUE,FALSE,75,0.514396588594512,4.66666666666667,3.66666666666667,3.66666666666667,-2.39054443614542,0.6268086621424,0.710664196620817,1.32827621416231
"81",1822,"ga0A5miCVohn171jrBozmQ**",1,2,29,1,5,1,"",1,7,1,NA,NA,NA,NA,NA,"",2,2,"",NA,7,NA,4,2,5,1,1,5,5,15,14,14,13,12,11,3,1,2,3,1,NA,1,6,4,4,2,1,4,1,2,2,5,3,3,2,2,3,2,NA,NA,NA,1,NA,1,NA,NA,NA,"",NA,NA,2,1,"",5,4,5,1,4,2,"",0,1,TRUE,FALSE,81,0.885998057602182,5,1.66666666666667,4.66666666666667,-1.08245617136827,0.532401765190724,-1.95454933990465,0.564937208393697
"83",534,"ga0A5miCVojspnvJ99u89w**",1,2,32,2,2,6,"",9,1,1,NA,NA,NA,NA,NA,"",1,1,"",NA,NA,1,4,7,2,3,4,2,2,14,14,13,12,13,11,3,3,3,3,3,1,NA,6,5,4,2,1,4,3,3,3,5,3,3,4,1,3,3,NA,NA,NA,NA,NA,NA,NA,NA,NA,"",NA,NA,2,2,"",4,4,4,5,4,1,"",1,0,FALSE,FALSE,83,1.93418664702352,4.66666666666667,2,4,0.104190149795614,0.530655426942316,-2.05893237952724,1.60732219393393
"89",1220,"ga0A5miCVogt9dvkxV-MMQ**",1,1,57,2,5,6,"",9,1,1,1,NA,NA,NA,NA,"",1,2,"",NA,7,NA,4,2,5,4,1,5,5,14,12,13,14,13,11,3,1,1,1,1,NA,1,7,5,4,2,1,4,1,2,2,5,3,3,3,2,3,3,NA,NA,NA,NA,NA,NA,NA,NA,NA,"",NA,NA,2,2,"",4,3,4,4,1,NA,"",0,1,TRUE,FALSE,89,1.06294086264956,4.33333333333333,4,5,0.0014953663044081,0.102983485646764,-1.59160073700666,0.0790068607752411
"98",874,"ga0A5miCVohTRrPEzGPptQ**",1,2,NA,1,3,2,"",3,3,1,NA,NA,NA,NA,NA,"",2,1,"",NA,NA,1,5,5,2,3,4,3,2,13,11,15,12,12,11,3,1,3,1,1,NA,1,6,5,4,1,2,4,3,3,4,4,3,3,4,3,2,3,NA,1,NA,NA,NA,1,NA,NA,NA,"",NA,NA,1,1,"",2,2,3,2,4,1,"",0,1,FALSE,FALSE,98,1.61221162203818,3.66666666666667,2.33333333333333,4.33333333333333,-0.0681440390882153,0.943355885605798,0.19048014451621,-0.370368569521206
"99",767,"ga0A5miCVojkzgd04sLZdw**",1,2,62,2,4,7,"Homemaker",9,4,1,NA,NA,NA,NA,NA,"",2,3,"",5,NA,NA,3,3,5,3,1,5,4,15,13,13,13,12,11,3,1,3,3,3,NA,1,7,5,4,1,1,4,4,4,3,5,3,4,4,3,3,3,NA,NA,NA,NA,NA,NA,NA,NA,NA,"",NA,NA,1,2,"",5,5,3,1,4,2,"",0,1,FALSE,FALSE,99,0.936024804290519,4.33333333333333,2,5,0.182243762965406,0.887303962449861,0.680570311414498,0.799195163087675
"100",866,"ga0A5miCVohspOuTnoDvHA**",1,1,23,1,2,4,"",9,1,1,NA,NA,NA,NA,NA,"",2,2,"",NA,7,NA,3,4,5,1,1,5,5,15,15,11,13,11,11,3,3,3,1,1,NA,1,7,5,5,1,1,5,3,3,5,5,3,2,5,1,3,3,NA,NA,NA,1,NA,1,NA,1,NA,"",NA,NA,1,1,"",5,1,5,1,1,4,"",0,1,FALSE,FALSE,100,1.61221162203818,5,1,5,-0.0717638051472827,2.17567699172316,-2.08644726247765,1.78213141628489
"108",752,"ga0A5miCVoj96nHGtQVKeQ**",1,2,73,1,3,7,"consulting",1,6,1,NA,NA,NA,NA,NA,"",2,1,"",NA,NA,2,1,7,2,3,3,3,2,14,12,15,15,11,11,3,1,1,1,1,NA,1,4,3,3,1,1,3,3,3,3,3,3,3,3,3,3,2,NA,NA,NA,NA,NA,NA,NA,NA,NA,"",NA,NA,5,2,"",3,1,3,3,4,1,"",0,1,FALSE,FALSE,108,1.61221162203818,3,2.66666666666667,3,-0.446865828568451,-0.498204345760338,-0.740985020682343,0.328855855754151
"115",943,"ga0A5miCVogpRaLPuRMeEg**",1,1,56,1,2,1,"",2,3,NA,1,NA,NA,NA,NA,"",2,2,"",NA,7,NA,5,3,5,4,4,5,3,15,13,13,14,12,11,3,1,2,1,1,1,NA,4,3,3,2,2,3,3,3,3,3,3,4,3,3,2,3,NA,NA,NA,NA,1,NA,NA,NA,NA,"",NA,NA,5,2,"",3,1,4,1,4,2,"",1,0,FALSE,FALSE,115,1.61221162203818,5,2,4.33333333333333,0.286775045336074,-0.942248082958705,0.0120694550390807,-0.211804715996811
"116",1054,"ga0A5miCVogFnkJEk6ZzxQ**",1,1,27,2,8,1,"",3,4,1,NA,NA,NA,NA,NA,"",2,3,"",4,NA,NA,3,4,2,3,4,2,3,14,13,14,14,12,11,3,1,2,1,1,NA,1,6,4,5,2,2,3,3,2,5,4,3,3,3,3,3,3,NA,NA,NA,NA,NA,1,NA,NA,NA,"",NA,NA,3,1,"",4,4,3,4,4,2,"",0,1,TRUE,FALSE,116,0.514396588594512,4.33333333333333,2.66666666666667,3.66666666666667,-0.434953633805921,1.95049486155368,0.418895396820668,-1.13999611137013
"117",908,"ga0A5miCVogxKk7EDOAJvg**",1,3,67,1,8,1,"",1,7,1,NA,NA,NA,NA,NA,"",2,2,"",NA,7,NA,5,2,5,NA,1,5,2,15,14,12,12,13,11,3,1,1,1,1,NA,1,5,5,3,3,1,3,3,3,4,5,3,2,3,4,1,2,NA,NA,NA,1,NA,NA,NA,1,NA,"",NA,1,1,1,"As long as they aren't proTrump they are welcome",4,2,3,2,4,2,"",0,1,TRUE,TRUE,117,0.393336743892783,4.66666666666667,2.33333333333333,4,-1.24104017290991,0.774130788730569,0.335377253375871,-1.23545371867937
"118",1551,"ga0A5miCVojoP83ykJ6pnA**",1,2,30,1,3,2,"",6,3,NA,NA,NA,1,NA,NA,"",2,2,"",NA,7,NA,5,1,5,1,1,5,5,14,15,13,11,15,11,3,3,2,3,3,NA,1,7,5,5,1,1,5,1,1,3,5,1,1,3,1,5,3,NA,NA,NA,NA,NA,NA,NA,NA,NA,"",NA,NA,1,2,"",5,5,5,1,4,2,"",0,1,FALSE,FALSE,118,1.61221162203818,5,1.33333333333333,5,0.0823989113899485,0.983660587763651,-2.78375140398326,-1.47426405953984
"120",1133,"ga0A5miCVohQa1QGydI5wQ**",1,1,NA,1,5,5,"",7,4,1,NA,NA,NA,NA,NA,"",2,3,"",3,NA,NA,4,5,3,4,3,3,4,13,12,15,14,12,11,3,1,2,1,1,NA,1,4,1,2,3,1,2,3,4,3,5,5,4,2,3,3,2,NA,NA,NA,NA,1,NA,NA,NA,NA,"",NA,NA,4,1,"",2,1,1,3,4,3,"the independent candidate",0,1,TRUE,FALSE,120,0.885998057602182,2.66666666666667,1.66666666666667,3,-0.153770668378435,-1.50205147220367,-1.41228796454147,3.49884934121284
"126",1165,"ga0A5miCVojiodLW27NXzQ**",1,1,62,1,3,5,"",8,4,1,NA,NA,NA,NA,NA,"",2,2,"",NA,7,NA,5,2,5,4,1,2,5,15,13,15,15,13,11,3,1,3,3,1,1,NA,7,4,4,1,1,3,1,1,4,4,3,3,4,1,3,3,NA,NA,NA,NA,NA,NA,NA,NA,1,"Riding through the mountains and deserts on my motorcycle",NA,NA,1,1,"",4,1,3,1,4,2,"",1,0,FALSE,FALSE,126,1.61221162203818,4.33333333333333,1.33333333333333,3.66666666666667,-0.0080770890709106,0.280634290687578,-2.39122791567,-0.116472973720029
"127",2643,"ga0A5miCVoiOGeHJqHxGGA**",1,2,21,2,3,4,"",9,4,NA,NA,NA,NA,NA,1,"Mexican ",1,3,"",5,NA,NA,4,4,2,4,1,5,5,13,14,11,13,11,11,3,1,3,3,1,1,NA,6,5,3,2,2,4,3,3,4,4,2,3,3,3,3,3,NA,NA,NA,1,NA,NA,1,1,NA,"",1,NA,4,1,"",5,5,5,2,4,2,"",1,0,FALSE,FALSE,127,1.93418664702352,4.66666666666667,3.66666666666667,4.33333333333333,0.370845397258888,-0.265445528740837,0.251841057183512,-1.51988723387087
"133",1048,"ga0A5miCVogwujSolnZgZg**",1,2,51,2,5,4,"",1,6,1,NA,NA,NA,NA,NA,"",2,1,"",NA,NA,1,4,2,2,3,4,4,4,14,12,14,13,12,11,3,3,3,3,3,NA,1,4,1,3,4,2,2,4,4,3,4,3,4,3,4,2,2,NA,NA,NA,NA,NA,NA,NA,1,NA,"",NA,NA,4,3,"",3,1,1,5,4,2,"",0,1,TRUE,FALSE,133,0.514396588594512,3.33333333333333,3.66666666666667,3.66666666666667,-0.701872783135511,-0.31149343953822,0.635250342429664,0.722004085215068
"137",698,"ga0A5miCVogQkKr332hGDg**",1,2,26,2,5,1,"",7,2,NA,NA,NA,1,NA,NA,"",2,2,"",NA,6,NA,4,3,5,4,4,5,2,13,13,12,13,14,11,3,1,3,1,1,1,NA,6,5,4,3,3,4,3,4,4,4,3,3,4,3,3,3,NA,NA,NA,1,NA,1,1,1,NA,"",1,1,1,1,"",5,3,4,2,3,3,"Bernie sanders if he was out of the election ",1,0,TRUE,FALSE,137,0.514396588594512,5,3.66666666666667,5,0.244914453457591,0.836508907126874,0.124161478369421,0.610691998930631
"140",742,"ga0A5miCVogrW4S0RMZ1gw**",1,3,46,2,4,1,"",1,3,1,NA,NA,NA,NA,NA,"",2,2,"",NA,6,NA,1,4,5,3,3,5,5,14,15,13,13,13,11,3,3,3,1,1,1,NA,3,4,4,1,1,4,4,2,3,4,3,2,3,2,3,3,NA,1,NA,1,NA,1,NA,1,NA,"",NA,NA,3,1,"No",5,4,5,5,4,2,"",1,0,FALSE,TRUE,140,0.415545999862478,5,3.33333333333333,4.66666666666667,0.140910701730293,0.188192057987878,-1.50869231691471,0.0124271077796644
"146",1321,"ga0A5miCVoirI_GaiwqTfA**",1,2,25,2,5,1,"",2,4,1,NA,NA,NA,NA,NA,"",2,1,"",NA,NA,1,4,6,4,2,3,2,4,15,15,13,13,13,11,3,2,2,3,3,NA,1,4,4,3,2,2,3,3,3,3,4,3,3,3,3,3,3,NA,NA,NA,1,NA,NA,NA,1,NA,"",NA,NA,2,1,"",4,1,2,5,4,1,"",0,1,TRUE,FALSE,146,0.514396588594512,3.33333333333333,2,3.33333333333333,0.44051565956513,-0.778988787875881,-0.38021785212124,-0.214045038103841
"156",864,"ga0A5miCVoijNK31LzXiyw**",1,1,79,2,3,5,"",8,1,1,NA,NA,NA,NA,NA,"",NA,3,"",3,NA,NA,4,4,5,1,1,2,5,15,15,13,15,15,11,3,1,2,1,2,1,NA,4,4,3,1,1,3,3,3,3,3,3,3,3,4,3,3,NA,NA,NA,NA,NA,NA,NA,NA,NA,"",NA,NA,3,2,"",5,1,5,1,4,1,"",1,0,FALSE,FALSE,156,1.14929413243922,4.33333333333333,1,4.33333333333333,0.542263475090456,-0.87909777119255,0.649742172532663,-1.10633969609583
"158",2392,"ga0A5miCVojOyav4Ag2bzg**",1,2,30,1,2,1,"",1,5,1,NA,NA,NA,NA,NA,"",2,2,"",NA,6,NA,4,4,3,1,1,2,5,15,13,13,13,12,11,3,3,2,1,3,1,NA,7,5,5,3,1,5,3,1,5,5,2,1,5,1,5,5,NA,NA,NA,1,NA,1,NA,1,NA,"",NA,NA,1,2,"",3,1,5,2,4,3,"Bernie sanders",1,0,FALSE,FALSE,158,1.61221162203818,5,2.66666666666667,3,2.38884519436114,0.542117441171473,-1.97937256032195,-1.26073627282254
"165",474,"ga0A5miCVoiH8hYTFbaqXQ**",1,1,39,1,8,1,"",5,6,1,NA,NA,NA,NA,NA,"",2,2,"",NA,7,NA,5,2,2,5,5,5,2,12,11,12,12,11,11,3,3,3,3,3,1,NA,6,4,5,4,5,5,5,4,4,5,4,5,5,4,5,4,NA,1,1,NA,NA,1,1,NA,NA,"",NA,NA,2,1,"",5,4,5,5,3,2,"",1,0,TRUE,FALSE,165,0.885998057602182,4.66666666666667,4.66666666666667,4.33333333333333,1.71760478233436,1.5175335070039,2.40092327640514,1.46025131231961
"170",750,"ga0A5miCVoiezgWXTwDF8Q**",1,3,31,2,4,2,"",5,6,1,NA,NA,NA,NA,NA,"",2,1,"",NA,NA,2,2,4,5,4,3,2,2,12,12,14,14,12,11,3,1,3,3,1,1,NA,3,4,3,4,3,2,4,4,2,4,3,4,2,4,3,2,NA,1,1,1,NA,NA,1,1,NA,"",1,NA,4,1,"",4,3,4,3,2,4,"",1,0,FALSE,TRUE,170,0.415545999862478,4.66666666666667,3,3.66666666666667,-0.748574533721867,-0.231040784069905,1.03989813363355,-0.0657903420416271
"171",954,"ga0A5miCVojeQmq5XX697w**",1,2,NA,2,4,7,"Homemaker",9,4,1,NA,NA,NA,NA,NA,"",2,3,"",5,NA,NA,4,2,2,1,1,2,5,15,13,15,12,12,11,3,1,2,1,1,NA,1,7,5,4,1,1,4,3,1,3,5,3,3,3,3,3,3,NA,NA,NA,1,1,1,1,1,NA,"",NA,NA,1,1,"",5,5,3,5,4,2,"",0,1,FALSE,FALSE,171,0.936024804290519,4,4,3.66666666666667,-0.0563524224094243,0.655409949977091,0.0445652608143914,-1.79589448205361
"173",631,"ga0A5miCVohIsLmcQVBRfg**",1,2,NA,2,3,1,"",2,2,NA,NA,NA,NA,NA,1,"",1,2,"",NA,6,NA,3,2,2,4,4,5,2,14,13,13,13,12,11,3,2,3,1,3,1,NA,7,4,3,4,3,4,4,4,4,5,3,3,2,3,3,3,NA,NA,NA,1,NA,NA,NA,NA,NA,"",NA,NA,1,2,"",5,4,5,4,4,2,"",1,0,FALSE,FALSE,173,1.93418664702352,5,3.66666666666667,4.66666666666667,0.369125571582253,-0.213654726598172,-0.0613902518124851,0.519226495717746
"180",381,"ga0A5miCVog7XJRZWzJJ3g**",1,1,28,1,5,1,"",1,5,1,NA,NA,NA,NA,NA,"",2,2,"",NA,7,NA,3,1,5,3,3,3,3,13,13,13,13,13,11,3,3,3,3,3,1,NA,4,3,3,3,3,3,3,3,3,3,3,3,3,3,3,3,NA,NA,NA,NA,1,NA,NA,NA,NA,"",NA,NA,4,2,"",3,3,3,3,4,2,"",1,0,TRUE,FALSE,180,0.885998057602182,3,3,3,0.585767974455258,-1.14923387478689,-0.560764189620366,-0.0219530714939459
"186",859,"ga0A5miCVohMhq4ITKbrRw**",1,1,48,2,2,7,"homemaker",9,5,1,NA,NA,NA,NA,NA,"",2,1,"",NA,NA,1,4,7,1,5,5,1,1,13,13,13,13,15,11,3,3,3,3,3,NA,1,4,3,3,3,3,3,3,3,3,3,3,3,3,3,3,3,NA,NA,NA,NA,NA,NA,NA,NA,1,"none",NA,NA,3,2,"",2,1,1,5,4,1,"",0,1,FALSE,FALSE,186,0.936024804290519,4.33333333333333,2.66666666666667,3,0.585767974455258,-1.14923387478689,-0.560764189620366,-0.0219530714939459
"191",594,"ga0A5miCVoios5w0OkCwyg**",1,2,60,2,5,1,"",1,5,1,NA,NA,NA,NA,NA,"",2,1,"",NA,NA,1,5,7,2,4,2,4,4,13,12,15,14,11,11,3,1,3,3,1,NA,1,7,4,4,2,2,4,3,3,4,4,3,3,4,2,3,3,NA,NA,NA,1,1,NA,NA,1,NA,"",NA,NA,1,1,"",4,3,3,3,4,1,"",0,1,TRUE,FALSE,191,0.514396588594512,4.33333333333333,3,4,0.239650779912205,0.560209126752998,-1.05435158980175,0.856308645207403
"197",971,"ga0A5miCVoiGp36TKutwfg**",1,1,54,2,2,4,"",3,2,NA,NA,NA,NA,NA,NA,"",1,3,"",5,NA,NA,2,1,2,4,4,5,2,12,13,12,12,11,11,3,1,3,1,1,1,NA,3,4,2,5,4,2,2,4,3,3,4,4,2,4,1,1,NA,NA,NA,NA,NA,NA,NA,1,NA,"",NA,NA,5,1,"I would feel unsafe ",5,4,4,1,3,4,"",1,0,FALSE,FALSE,197,1.93418664702352,5,4,4.33333333333333,-1.84002855219194,-0.447610747485869,0.200933916834864,0.683634770834045
"200",874,"ga0A5miCVogzrEX18TNzXQ**",1,2,40,1,5,1,"",7,4,1,NA,NA,NA,NA,NA,"",2,3,"",5,NA,NA,1,4,2,4,1,2,5,14,14,13,15,13,11,3,3,3,3,3,NA,1,4,3,3,2,3,3,3,3,3,3,3,3,3,3,3,3,NA,NA,NA,NA,NA,NA,NA,NA,NA,"",NA,NA,3,2,"",2,1,2,3,1,4,"",0,1,TRUE,FALSE,200,0.885998057602182,2.33333333333333,3,3.66666666666667,0.585767974455258,-1.14923387478689,-0.560764189620366,-0.0219530714939459
"201",862,"ga0A5miCVojQpx1QGrkfow**",1,2,27,1,5,1,"",2,3,1,NA,NA,NA,NA,NA,"",1,2,"",NA,7,NA,5,2,2,3,3,3,2,15,13,13,13,12,11,3,3,3,1,3,1,NA,7,5,5,3,1,3,5,3,3,4,3,3,3,3,3,3,NA,NA,NA,1,NA,NA,NA,NA,NA,"",NA,NA,1,1,"",3,3,5,3,4,3,"Bernie sanders ",1,0,TRUE,FALSE,201,1.8308121798138,4.66666666666667,2.66666666666667,2.66666666666667,-0.377578514114456,1.67454544535444,0.657932249218093,-0.368839091247164
"208",966,"ga0A5miCVoivA8sgVQfTog**",1,1,35,1,4,1,"",7,2,NA,1,NA,NA,NA,NA,"",1,2,"",NA,6,NA,3,3,2,3,1,2,2,13,13,14,14,12,11,3,3,3,3,3,NA,1,6,4,3,2,2,3,4,3,3,5,3,3,4,3,3,3,NA,NA,NA,NA,NA,NA,NA,NA,NA,"",NA,1,3,2,"N/a",4,1,4,3,4,2,"",0,1,FALSE,FALSE,208,3.33144824499172,4.33333333333333,3,4,0.497578127796745,-0.470894936512673,-0.204968754663086,0.0281788693244514
"210",1478,"ga0A5miCVoj4U-yI_LPkEA**",1,1,50,2,3,6,"",9,1,1,NA,NA,NA,NA,NA,"",2,3,"",5,NA,NA,4,2,2,3,4,3,3,15,13,14,13,13,11,3,1,3,3,1,1,NA,5,5,4,1,1,5,5,3,3,5,3,3,4,2,3,3,NA,NA,NA,1,1,NA,NA,NA,NA,"",NA,NA,2,2,"",5,3,4,2,4,2,"",1,0,FALSE,FALSE,210,0.936024804290519,5,2.66666666666667,3.33333333333333,0.254381672958352,0.797902909448665,-0.658069465695277,0.902563856211132
"213",1803,"ga0A5miCVoigzul_rUGUaw**",1,2,78,1,6,5,"",8,3,1,NA,NA,NA,NA,NA,"",2,2,"",NA,7,NA,4,3,5,4,1,2,5,15,13,14,14,11,11,3,1,3,1,1,NA,1,4,3,3,1,1,4,4,1,3,4,1,1,3,1,1,3,NA,NA,NA,NA,NA,NA,NA,NA,NA,"",NA,NA,3,1,"",5,1,3,1,4,2,"",0,1,TRUE,FALSE,213,0.885998057602182,3.66666666666667,1,4,-0.127299152721811,-1.01099683100949,-2.78761728778201,-2.09378404976212
"214",1470,"ga0A5miCVoiDOhdOdvxIHw**",1,1,20,2,2,4,"",9,2,1,1,1,NA,NA,1,"",1,3,"",4,NA,NA,4,4,5,1,3,2,5,15,12,13,14,11,11,3,1,3,3,3,NA,1,4,2,3,4,1,4,3,4,3,4,4,4,4,5,2,2,NA,1,NA,NA,NA,1,NA,NA,NA,"",NA,NA,2,2,"",4,4,5,3,1,4,"",0,1,FALSE,FALSE,214,1.93418664702352,4,2.66666666666667,4.66666666666667,-0.313362672741492,-0.0417459416425912,1.27055206943983,1.18219424001379
"220",1544,"ga0A5miCVoi1p_cvYDpGuw**",1,2,60,2,5,5,"",8,2,1,NA,NA,NA,NA,NA,"",2,1,"",NA,NA,1,4,6,2,3,3,3,5,14,13,13,13,12,11,3,1,3,1,1,1,NA,5,3,3,4,3,2,5,4,3,3,2,4,2,4,2,2,NA,1,1,1,NA,1,NA,NA,NA,"",1,NA,3,1,"",4,2,2,4,4,1,"",1,0,TRUE,FALSE,220,0.514396588594512,4.33333333333333,4,4,-0.979269705858473,-0.0968144661416449,1.56640009066278,-1.22504800296335
"229",508,"ga0A5miCVoi6yhBXqOyb-Q**",1,1,30,2,5,1,"",1,3,NA,NA,NA,1,NA,NA,"",2,2,"",NA,7,NA,4,1,5,4,3,2,2,14,14,13,13,13,11,3,2,3,1,3,NA,1,5,4,4,3,2,3,3,2,4,5,4,3,2,3,2,3,NA,NA,NA,1,NA,NA,NA,NA,NA,"",NA,NA,2,1,"",5,1,4,1,4,2,"",0,1,TRUE,FALSE,229,0.514396588594512,4.66666666666667,4,4.66666666666667,-0.412057933276791,0.843492382988876,-0.22232611172372,-0.299814587675204
"232",3486,"ga0A5miCVohA2KGDnwuF6g**",1,1,33,2,5,7,"home maker",9,6,1,NA,NA,NA,NA,NA,"",2,2,"",NA,7,NA,4,2,5,1,1,5,2,14,11,15,14,11,11,3,1,1,1,1,NA,1,6,5,4,1,1,4,4,3,4,5,4,3,5,3,3,4,NA,NA,NA,1,1,1,NA,1,NA,"",NA,1,1,1,"",5,4,4,1,4,2,"",0,1,TRUE,FALSE,232,0.514396588594512,5,3.66666666666667,5,1.35624806127614,0.48658624453686,0.221819231978996,0.659189113376311
"233",614,"ga0A5miCVogTNxITDjZirQ**",1,1,22,2,5,1,"",5,5,1,NA,NA,NA,NA,NA,"",2,1,"",NA,NA,1,5,1,2,5,5,2,5,12,14,13,12,13,11,3,3,3,3,3,1,NA,7,4,4,4,4,4,4,4,4,4,4,4,4,4,4,4,NA,NA,NA,1,1,NA,1,NA,NA,"",NA,NA,1,1,"not sure, but i likely",4,4,4,4,3,1,"",1,0,TRUE,FALSE,233,0.514396588594512,4,4,4,1.68503402521474,0.151994169828397,1.54124109114462,0.835515389830378
"238",964,"ga0A5miCVohcMbhZsM_X-Q**",1,2,34,2,2,1,"",2,2,1,NA,1,NA,NA,NA,"",2,3,"",5,NA,NA,1,4,5,1,1,5,2,14,13,13,13,13,11,3,1,3,1,1,1,NA,6,4,3,3,3,4,4,4,3,5,4,3,4,2,2,3,NA,1,NA,NA,NA,1,NA,1,NA,"",NA,NA,4,1,"",5,2,5,2,3,4,"",1,0,FALSE,FALSE,238,0.936024804290519,5,3.33333333333333,4.33333333333333,0.438308929479353,-0.421201829467831,-1.53408973227683,2.66160091176952
"239",776,"ga0A5miCVoglyFlJVoOZ7Q**",1,2,NA,2,2,4,"",9,3,1,NA,NA,NA,NA,NA,"",2,2,"",NA,6,NA,4,2,5,2,1,5,5,13,12,12,11,12,11,3,3,1,1,3,NA,1,6,5,4,2,1,4,4,4,4,5,3,4,4,4,3,3,NA,1,NA,NA,1,NA,NA,NA,NA,"",NA,NA,2,1,"",3,1,5,4,2,4,"",0,1,FALSE,FALSE,239,0.936024804290519,4.33333333333333,4.33333333333333,3.66666666666667,0.172452078191869,1.28710274917155,1.86569743863911,-0.143910352248743
"240",3905,"ga0A5miCVojF32o538VqLA**",1,3,30,2,5,2,"",1,2,1,NA,NA,NA,NA,NA,"",2,3,"",3,NA,NA,3,7,3,3,2,4,2,13,13,13,13,13,11,3,1,2,1,3,NA,1,5,4,4,3,1,3,4,3,4,4,3,3,3,3,3,3,NA,NA,NA,1,1,NA,NA,NA,NA,"",NA,NA,1,1,"",5,3,2,2,4,3,"Don't remember",0,1,TRUE,TRUE,240,0.228365149890846,4,2,3.66666666666667,0.0275211338196452,0.668230552422752,0.212864913666078,-0.304148510158087
"246",781,"ga0A5miCVogsImf_nuHOIA**",1,3,53,1,2,1,"",7,4,1,NA,NA,NA,NA,NA,"",2,3,"",5,NA,NA,4,4,2,4,4,2,2,13,11,13,12,11,11,3,2,3,3,3,1,NA,5,4,3,4,3,3,4,3,3,4,3,4,3,4,3,3,NA,NA,NA,NA,1,NA,NA,1,NA,"",NA,NA,2,2,"",4,3,4,2,2,4,"",1,0,FALSE,TRUE,246,0.715737539645185,4,2.33333333333333,3.66666666666667,0.437985092195622,-0.517060951629971,1.37954567074146,-1.08453053216942
"248",452,"ga0A5miCVogM3jdNgW76jw**",1,2,28,2,6,1,"",5,3,1,NA,NA,NA,NA,NA,"",2,1,"",NA,NA,1,4,3,5,2,5,5,2,12,11,12,11,12,11,3,1,2,2,2,NA,1,5,5,5,4,4,5,4,4,4,5,5,4,5,3,4,3,NA,1,1,NA,NA,NA,1,NA,NA,"",NA,NA,2,1,"",4,4,5,4,2,1,"",0,1,TRUE,FALSE,248,0.514396588594512,4.33333333333333,4.66666666666667,4.33333333333333,0.41829622952404,2.20040162800811,0.404232725845121,3.22713214660106
"254",847,"ga0A5miCVoinFcjhO8vhLg**",1,1,35,1,6,1,"",3,5,1,NA,NA,NA,NA,NA,"",2,2,"",NA,7,NA,4,3,5,2,3,2,3,12,13,13,13,12,11,3,1,2,3,2,1,NA,5,4,3,4,4,4,3,4,3,3,4,3,5,4,4,4,NA,NA,NA,NA,NA,1,NA,1,NA,"",NA,NA,2,1,"",4,4,4,5,4,2,"",1,0,TRUE,FALSE,254,0.885998057602182,3.66666666666667,4,4,2.32930120998289,-1.53783414446838,0.411831487199666,1.0301504625003
"256",988,"ga0A5miCVoiobSlo_TCmXw**",1,2,72,2,5,2,"",2,7,1,NA,NA,NA,NA,NA,"",2,2,"",NA,6,NA,3,4,4,2,3,4,2,15,15,13,13,13,11,3,1,3,1,1,NA,1,4,2,3,1,1,3,3,3,3,4,3,3,3,3,1,3,NA,NA,NA,NA,NA,NA,NA,NA,NA,"",NA,NA,3,2,"DID NOT KNOW THIS WAS ON THE TABLE",1,1,1,5,4,3,"STEIN",0,1,TRUE,FALSE,256,0.514396588594512,3,2.66666666666667,3.66666666666667,0.0625760342817201,-0.91612563958344,-0.70911490797565,0.117324000634916
"260",681,"ga0A5miCVog9VLABb33rYg**",1,1,28,2,5,7,"Stay at home mom",9,2,1,NA,NA,NA,NA,NA,"",2,1,"",NA,NA,2,4,6,3,3,2,4,2,15,12,15,14,12,11,3,2,3,1,1,1,NA,3,4,3,2,1,4,4,3,3,4,3,4,2,4,2,2,NA,NA,NA,NA,NA,NA,NA,NA,NA,"",NA,NA,4,2,"",5,1,2,5,4,1,"",1,0,TRUE,FALSE,260,0.514396588594512,4,3,3.33333333333333,-0.867913825542853,0.226846169920767,1.21978121525703,-0.884186857623488
"267",1252,"ga0A5miCVogYThcmVZTcrg**",1,2,NA,1,5,5,"",8,2,NA,NA,NA,1,NA,NA,"",2,2,"",NA,6,NA,3,5,2,2,3,2,2,12,12,14,13,12,11,3,3,2,2,1,1,NA,4,4,4,3,2,4,3,4,3,4,3,4,4,4,3,2,NA,NA,NA,NA,NA,NA,NA,NA,1,"none",NA,NA,4,2,"",4,2,4,2,4,2,"",1,0,TRUE,FALSE,267,0.885998057602182,4,2,4.66666666666667,-0.67367775202401,1.17724974985342,1.122012816607,0.612197466423544
"273",933,"ga0A5miCVog1dU95dzfc2A**",1,2,80,1,6,1,"",6,5,1,NA,NA,NA,NA,NA,"",2,3,"",5,NA,NA,4,4,2,4,2,3,2,14,12,14,14,11,11,3,1,2,3,1,NA,1,2,2,1,3,1,1,4,5,1,2,3,5,1,5,1,1,NA,NA,NA,1,NA,NA,NA,NA,1,"tennis",NA,NA,4,2,"",4,3,2,3,4,2,"",0,1,TRUE,FALSE,273,0.885998057602182,2.33333333333333,2,4,-1.43261103532922,-2.39012111849303,1.53771877578005,-0.0176268739495103
"274",835,"ga0A5miCVoi_Yw0wwgISGw**",1,1,38,1,5,1,"",1,6,NA,NA,NA,1,NA,NA,"",2,2,"",NA,7,NA,4,2,3,4,4,2,2,13,13,13,13,13,11,3,1,3,1,1,NA,1,4,4,3,2,1,2,3,2,3,4,3,2,2,2,2,2,NA,NA,NA,1,NA,NA,NA,NA,NA,"",NA,NA,3,1,"no",1,1,3,3,4,2,"",0,1,TRUE,FALSE,274,0.885998057602182,4,3.33333333333333,3.33333333333333,-1.14659172235655,-0.263575713428659,-1.99839949849219,-0.357856825501708
"278",1577,"ga0A5miCVoie3MqwmMFCvQ**",1,1,73,2,5,5,"",8,1,1,1,1,NA,NA,NA,"",2,3,"",4,NA,NA,5,4,3,3,5,3,1,15,15,11,15,15,11,3,1,3,1,3,NA,1,6,3,3,3,3,3,3,3,3,3,3,3,3,3,3,3,NA,NA,NA,NA,NA,NA,NA,NA,1,"none",NA,NA,5,2,"no i have said enough",5,5,5,3,4,1,"",0,1,TRUE,FALSE,278,0.514396588594512,4.66666666666667,1,5,0.585767974455258,-1.14923387478689,-0.560764189620366,-0.0219530714939459
"280",625,"ga0A5miCVohbA60Zbu6bRA**",1,1,44,1,5,1,"",3,3,NA,NA,NA,1,NA,NA,"",2,2,"",NA,6,NA,2,2,5,4,1,2,3,12,11,13,13,12,11,3,1,1,3,2,NA,1,4,3,3,5,2,4,4,3,3,5,3,3,4,3,2,1,NA,NA,NA,NA,NA,NA,1,NA,NA,"",NA,NA,5,2,"",5,1,4,2,4,2,"",0,1,TRUE,FALSE,280,0.885998057602182,3.33333333333333,3,3.66666666666667,-1.63899584432864,0.78249480132273,-0.75977406955776,1.06016026974033
"283",525,"ga0A5miCVoi-QrKoArAmeg**",1,1,20,2,3,1,"",3,2,NA,NA,NA,1,NA,NA,"",2,2,"",NA,6,NA,3,4,2,1,1,2,2,15,15,12,14,12,11,3,2,2,1,3,NA,1,2,4,2,2,2,2,4,2,2,2,2,2,2,2,2,2,NA,NA,NA,NA,NA,NA,NA,NA,NA,"",NA,1,3,1,"",4,4,3,2,4,2,"",0,1,FALSE,FALSE,283,0.936024804290519,3.66666666666667,3.66666666666667,3.66666666666667,-0.663427021322156,-1.92851240278953,-1.84617609358649,-1.58839760097779
"291",906,"ga0A5miCVoj1Z_rY2rc_7w**",1,1,54,1,3,NA,"",NA,1,NA,NA,NA,NA,NA,1,"Mixed",1,3,"",4,NA,NA,4,1,3,1,4,5,2,13,13,14,15,12,11,3,1,3,1,1,NA,1,7,5,4,2,1,3,4,4,4,5,4,2,4,2,3,3,NA,NA,NA,1,NA,NA,1,1,NA,"",NA,NA,1,2,"",5,4,5,2,1,4,"",0,1,FALSE,FALSE,291,3.33144824499172,5,3.33333333333333,5,0.130967344810458,0.901316017284693,-1.4946743745206,2.33520787275539
"293",1150,"ga0A5miCVojNceplaX2M9A**",1,2,63,2,4,5,"",8,3,NA,NA,NA,1,NA,NA,"",2,2,"",NA,7,NA,5,1,5,4,4,2,5,13,13,13,14,12,11,3,3,3,3,3,NA,1,4,4,3,3,2,3,3,3,4,4,3,3,3,3,3,3,NA,NA,NA,NA,NA,NA,NA,NA,1,"None",NA,NA,3,2,"",4,2,3,3,4,2,"",0,1,FALSE,FALSE,293,0.936024804290519,4,2.66666666666667,5,0.398907967162482,-0.467747023636288,-0.20682318695752,-0.380739038334477
"297",915,"ga0A5miCVoiKSBU8xicNag**",1,2,NA,1,2,1,"",5,3,1,NA,NA,NA,NA,NA,"",2,1,"",NA,NA,1,5,7,4,2,5,1,3,13,13,13,14,12,11,3,3,3,1,1,1,NA,6,4,4,2,2,5,3,4,3,5,3,3,4,3,3,4,NA,NA,NA,1,1,NA,NA,NA,NA,"",NA,NA,1,1,"None",5,2,4,3,4,1,"",1,0,FALSE,FALSE,297,1.61221162203818,4,3.33333333333333,3.33333333333333,1.44220809454538,-0.0987763558166628,-0.115928943260986,1.01511435084579
"307",340,"ga0A5miCVog68SJKncpZUg**",1,1,38,1,8,1,"",5,6,1,NA,NA,NA,NA,NA,"",2,2,"",NA,7,NA,5,5,2,2,2,2,5,12,12,12,11,12,11,3,3,3,3,3,NA,1,7,5,4,5,4,5,5,5,4,4,4,4,5,4,4,4,NA,1,1,1,NA,NA,NA,NA,NA,"",NA,NA,2,1,"",4,4,5,4,2,2,"",0,1,TRUE,FALSE,307,0.885998057602182,4.33333333333333,4,4.33333333333333,1.90313941382258,0.479063878920689,1.87158323246254,1.65733004975178
"313",1002,"ga0A5miCVoh15HML-m29sA**",1,1,70,1,3,5,"",8,6,1,NA,NA,NA,NA,NA,"",2,2,"",NA,7,NA,4,2,2,4,4,2,5,15,14,14,13,12,11,3,3,3,1,1,NA,1,6,4,3,2,1,3,4,4,3,4,3,4,3,4,3,3,NA,NA,NA,1,NA,NA,NA,NA,NA,"",NA,NA,1,2,"",4,2,3,1,3,4,"",0,1,FALSE,FALSE,313,1.61221162203818,4.33333333333333,2.66666666666667,3.66666666666667,0.486753265105811,-0.510897274850435,1.3475523767596,-0.24576055384431
"314",1857,"ga0A5miCVoiqvK-fVkMecw**",1,1,NA,2,5,1,"",1,7,NA,NA,NA,1,NA,NA,"",2,3,"",4,NA,NA,3,1,5,4,1,5,5,13,13,13,12,13,11,3,1,1,1,1,1,NA,4,4,3,3,1,3,2,2,3,3,3,3,2,3,2,3,NA,NA,NA,1,1,1,1,1,NA,"",NA,NA,1,1,"It would be great to help the bears.",5,5,2,2,4,2,"",1,0,TRUE,FALSE,314,0.514396588594512,5,3.66666666666667,4.66666666666667,0.0703946987877081,-0.980235660760163,-0.489148283432605,-1.43732951398397
"318",1031,"ga0A5miCVohbNA6hGyJILw**",1,1,35,2,5,1,"",2,5,NA,NA,NA,1,NA,NA,"",2,2,"",NA,6,NA,3,3,3,3,4,3,3,14,14,13,14,13,11,3,3,3,3,3,NA,1,5,4,3,3,3,3,3,3,3,4,3,3,3,3,3,3,NA,NA,NA,1,NA,NA,NA,NA,NA,"",NA,NA,4,2,"none",4,2,3,2,4,2,"",0,1,TRUE,FALSE,318,0.514396588594512,4,4,3,0.44051565956513,-0.778988787875881,-0.38021785212124,-0.214045038103841
"321",1252,"ga0A5miCVojZ330ZPfFECA**",1,3,33,2,5,1,"",NA,7,1,NA,NA,NA,NA,NA,"",1,1,"",NA,NA,2,4,5,5,5,2,5,3,15,12,14,13,12,11,3,1,3,1,1,NA,1,7,5,5,1,1,4,3,1,5,5,3,2,5,3,3,5,NA,NA,NA,1,NA,1,NA,NA,NA,"",NA,NA,1,1,"",3,4,5,2,4,2,"",0,1,TRUE,TRUE,321,0.47189008404451,4.66666666666667,4,4.33333333333333,1.84193602377425,1.01850551943911,0.391361036575319,-2.3145284516234
"322",601,"ga0A5miCVoj68GjBsGh7Mw**",1,2,27,1,5,4,"",9,3,NA,NA,NA,1,NA,NA,"",2,3,"",3,NA,NA,4,4,5,3,5,5,2,15,14,14,13,12,11,3,3,3,3,3,1,NA,6,3,3,2,2,3,3,3,4,5,3,2,3,3,3,3,NA,NA,NA,NA,1,NA,1,1,NA,"",NA,NA,1,2,"",5,4,5,3,1,4,"",1,0,TRUE,FALSE,322,0.885998057602182,5,3.66666666666667,4.33333333333333,0.438999275743746,-0.554635235519483,-0.962332922137183,0.0906802684239742
"332",4263,"ga0A5miCVoiCKSumKAnYUw**",1,1,59,1,5,2,"",3,3,1,NA,NA,NA,NA,NA,"",2,1,"",NA,NA,1,5,7,4,1,5,4,2,13,11,15,15,11,11,3,1,2,1,1,NA,1,7,3,5,1,1,3,3,5,5,5,3,3,1,1,1,2,NA,NA,NA,NA,NA,NA,NA,NA,NA,"",NA,NA,3,2,"Do it. I'm from Montana. Do it.",4,1,1,5,1,4,"",0,1,TRUE,FALSE,332,0.885998057602182,4,3,2.66666666666667,-2.16138335681659,2.59594527441738,-1.99702870215169,3.07351547494225
"346",1155,"ga0A5miCVoht01c6qGOUag**",1,1,32,2,3,1,"",2,3,1,NA,NA,NA,NA,NA,"",2,2,"",NA,7,NA,4,2,5,1,1,5,5,15,14,15,12,12,11,3,1,3,3,3,NA,1,7,5,5,1,1,5,2,2,5,5,3,2,5,2,2,4,NA,NA,NA,1,1,NA,1,NA,NA,"",NA,NA,1,1,"",4,1,3,3,4,2,"",0,1,FALSE,FALSE,346,0.936024804290519,5,4,5,0.679271478474785,1.64065578646355,-1.03769809151529,-0.279636669937164
"347",5939,"ga0A5miCVogPZFcuGDL0sg**",1,1,52,1,2,1,"",6,4,NA,NA,NA,1,NA,NA,"",2,1,"",NA,NA,1,3,1,5,5,5,5,3,11,11,11,11,11,11,3,1,3,3,3,NA,1,7,3,5,5,5,5,5,5,5,5,5,5,5,5,5,5,NA,1,NA,NA,NA,1,NA,1,NA,"",NA,NA,1,1,"n/a",5,5,5,5,3,2,"",0,1,FALSE,FALSE,347,1.61221162203818,5,5,5,2.93494108996205,1.0900640522192,3.24569857172532,2.30893407014691
"352",1032,"ga0A5miCVoh3MD4PKAs7BQ**",1,1,NA,2,2,1,"",3,3,NA,NA,NA,1,NA,NA,"",1,3,"",5,NA,NA,2,2,1,4,1,2,2,13,13,13,14,12,11,3,1,2,2,3,NA,1,5,3,3,3,3,3,4,3,4,4,3,3,4,4,3,3,NA,NA,NA,NA,NA,NA,NA,1,NA,"",NA,NA,4,2,"",4,4,3,1,1,4,"",0,1,FALSE,FALSE,352,1.93418664702352,4.33333333333333,4,3.33333333333333,0.633038757913336,-0.441341236701991,0.7996120350624,-0.722834679402071
"354",1403,"ga0A5miCVoj0MSBy2iyMdA**",1,2,60,2,4,4,"",9,2,1,NA,NA,NA,NA,NA,"",2,2,"",NA,7,NA,5,1,5,1,1,5,5,15,15,12,15,15,11,3,1,2,1,3,1,NA,7,5,5,1,1,2,4,2,4,5,4,2,3,1,3,3,NA,NA,NA,1,1,NA,NA,1,NA,"",NA,NA,1,1,"We should go back to nature. If the bears existed in this state at one time, then they should be here again. People shouldn't interfere with the natural selection of a species.  ",5,5,5,1,4,2,"",1,0,FALSE,FALSE,354,0.936024804290519,5,3.33333333333333,5,-0.614429564673431,1.79708226610205,-2.18629368320183,1.21965016829495
"359",1418,"ga0A5miCVohZy1joAeQzOg**",1,1,52,1,5,1,"",5,4,NA,NA,NA,1,NA,NA,"",2,2,"",NA,7,NA,4,4,2,4,3,5,3,13,12,13,14,12,11,3,1,1,1,1,NA,1,7,5,4,3,1,4,3,3,4,5,2,2,4,3,3,4,NA,NA,NA,1,NA,1,1,1,NA,"",NA,NA,2,2,"None",4,2,5,3,4,2,"",0,1,TRUE,FALSE,359,0.885998057602182,4.66666666666667,2.33333333333333,4.66666666666667,1.12314537568505,0.274829878696963,0.0694452372181416,-1.41129482197083
"362",619,"ga0A5miCVojeRkE5yHagvw**",1,2,55,1,5,5,"",8,1,1,NA,NA,NA,NA,NA,"",2,2,"",NA,7,NA,4,2,5,4,1,5,5,13,15,13,13,13,11,3,1,3,1,3,NA,1,6,3,3,3,3,3,3,3,3,3,3,3,3,3,3,3,NA,NA,NA,NA,NA,NA,NA,NA,1,"None",NA,NA,3,2,"",5,4,5,1,4,2,"",0,1,TRUE,FALSE,362,0.885998057602182,4.33333333333333,2,4.33333333333333,0.585767974455258,-1.14923387478689,-0.560764189620366,-0.0219530714939459
"365",1925,"ga0A5miCVoh0dad8td3-jg**",1,1,37,2,3,1,"",3,3,NA,NA,1,NA,NA,NA,"",1,1,"",NA,NA,2,4,5,5,4,4,2,2,12,14,13,14,12,11,3,1,3,1,1,1,NA,6,5,5,4,3,5,5,5,4,5,3,4,4,4,3,2,NA,1,NA,1,1,NA,NA,NA,NA,"",NA,NA,4,2,"I think it is a nice thought to introduce grizzly bears back in but i dont think bears a man can live side by side peacefully.",4,4,3,4,4,2,"",1,0,FALSE,FALSE,365,1.93418664702352,4.33333333333333,3.33333333333333,5,-1.06513693870075,3.10017263667276,2.04325628937536,1.28693810805116
"366",902,"ga0A5miCVohLqe2qqGk7BA**",1,1,25,1,2,1,"",6,5,NA,NA,NA,1,NA,NA,"",2,1,"",NA,NA,2,3,NA,2,3,4,5,5,14,14,13,12,11,11,3,1,3,2,2,NA,1,6,1,3,4,3,2,3,5,3,5,2,5,5,2,2,2,NA,NA,NA,NA,1,NA,NA,1,NA,"",NA,NA,3,2,"",5,1,3,3,2,1,"",0,1,FALSE,FALSE,366,1.61221162203818,5,3.33333333333333,4.66666666666667,-0.63885610353592,-0.198310697660637,-0.85173674169961,2.57828737250636
"369",1448,"ga0A5miCVohM4Klk6G1TRw**",1,2,20,1,2,3,"",9,1,NA,NA,NA,NA,NA,NA,"",1,2,"",NA,6,NA,3,4,2,4,4,2,5,13,13,13,12,12,11,3,3,2,1,3,NA,1,6,4,4,3,3,3,4,2,4,4,3,3,4,3,3,3,NA,NA,NA,NA,NA,NA,NA,NA,NA,"",NA,NA,3,3,"",3,2,4,3,4,2,"",0,1,FALSE,FALSE,369,3.33144824499172,3.66666666666667,2.66666666666667,4,0.10539120255234,0.702099044013569,0.228812079391808,-0.970064799357455
"374",1268,"ga0A5miCVohGq4El1RhK1g**",1,2,NA,1,5,4,"",9,3,1,NA,NA,NA,NA,NA,"",2,4,"Green Party",5,NA,NA,4,1,2,4,1,2,2,14,14,14,13,13,11,3,3,2,1,3,NA,1,4,4,3,4,2,3,3,4,3,3,3,3,2,4,2,2,NA,NA,NA,NA,NA,NA,NA,NA,NA,"",NA,NA,5,2,"",4,1,4,2,4,2,"",0,1,TRUE,FALSE,374,0.885998057602182,4.33333333333333,1.33333333333333,4,-0.832530716301565,-0.148926078498355,0.487899547909888,-0.23190506977509
"376",1229,"ga0A5miCVoiaBotSuHEmDA**",1,2,28,2,2,1,"",3,3,1,NA,1,NA,NA,NA,"",1,2,"",NA,7,NA,3,4,2,4,1,2,5,13,13,12,14,13,11,3,1,2,1,3,NA,1,7,5,4,2,1,4,5,3,3,5,3,3,3,3,3,3,NA,NA,NA,1,1,1,NA,NA,NA,"",NA,1,1,1,"",5,5,5,1,4,2,"",0,1,FALSE,FALSE,376,1.93418664702352,4.33333333333333,4,4.33333333333333,0.0418959923808458,0.826528657924334,0.39962424946526,-0.2113803745707
"378",764,"ga0A5miCVogSFueLTJdYIw**",1,1,NA,2,6,1,"",1,3,NA,NA,NA,1,NA,NA,"",2,3,"",4,NA,NA,3,6,2,3,3,3,2,12,13,13,13,13,11,3,3,3,3,3,1,NA,4,5,3,3,3,3,4,4,4,3,3,3,3,4,3,3,NA,NA,NA,1,NA,NA,NA,NA,NA,"",NA,NA,4,2,"",3,2,4,3,1,3,"",1,0,TRUE,FALSE,378,0.514396588594512,3.33333333333333,3.33333333333333,3.33333333333333,0.47445948308903,-0.300717571867098,1.19944023211395,-0.788751752081116
"387",896,"ga0A5miCVogDx-6ALnZqLg**",1,1,36,2,2,4,"",9,2,1,NA,NA,NA,NA,NA,"",2,2,"",NA,6,NA,3,NA,2,4,4,5,3,13,13,12,12,13,11,3,1,2,2,1,1,NA,6,4,4,3,2,4,3,4,3,4,3,3,4,4,3,3,NA,NA,NA,NA,NA,NA,NA,NA,NA,"",NA,NA,3,2,"",4,3,4,3,4,2,"",1,0,FALSE,FALSE,387,0.936024804290519,3.33333333333333,2.66666666666667,3.33333333333333,0.393658660483264,0.432245084257141,0.763725375174457,0.308949593551588
"389",1056,"ga0A5miCVojPTD7gDjP7mg**",1,2,18,2,2,7,"student",9,7,NA,NA,NA,1,NA,NA,"",2,3,"",3,NA,NA,4,5,3,4,2,4,2,12,12,14,13,13,11,3,2,3,1,1,1,NA,5,2,3,2,1,3,4,4,3,4,4,4,4,4,2,3,NA,NA,NA,1,1,NA,NA,1,NA,"",NA,NA,2,1,"",4,1,1,4,1,4,"",1,0,FALSE,FALSE,389,0.936024804290519,4.33333333333333,3,3.66666666666667,0.570147710574317,-0.721835921593235,0.67847835159172,1.39660487673751
"394",647,"ga0A5miCVohjh4mvYpSSNA**",1,1,NA,2,6,1,"",1,5,NA,NA,NA,NA,NA,1,"hispanic",1,1,"",NA,NA,1,3,6,2,1,2,2,2,13,11,13,12,13,11,3,2,3,3,3,1,NA,6,3,3,3,4,3,3,3,3,2,4,4,3,4,2,4,NA,NA,NA,NA,1,NA,NA,NA,NA,"",NA,NA,4,1,"It may not be a good idea",4,2,4,3,4,1,"",1,0,TRUE,FALSE,394,1.06294086264956,3.66666666666667,4,4,1.49156217335852,-1.69420990344906,0.932444841862547,-0.4590561886463
"405",1417,"ga0A5miCVog3GipIIEEhLg**",1,1,30,2,5,1,"",2,3,NA,NA,NA,NA,NA,1,"Latina ",1,3,"",5,NA,NA,2,NA,2,4,4,3,2,14,14,13,12,14,11,3,3,3,3,3,NA,1,4,3,5,3,4,4,2,4,5,5,2,3,2,3,2,2,NA,NA,NA,1,NA,NA,NA,1,NA,"",NA,NA,3,1,"",4,2,2,1,1,4,"",0,1,TRUE,FALSE,405,1.06294086264956,4.33333333333333,3.33333333333333,3.33333333333333,-1.70868905058468,2.63524389230307,0.0584255712724927,0.212406584201405
"406",695,"ga0A5miCVohTfKnCaMteKg**",1,2,44,1,5,1,"",2,4,1,NA,NA,1,NA,NA,"",2,2,"",NA,7,NA,4,2,5,4,4,5,5,12,11,14,13,12,11,3,3,3,3,3,1,NA,6,5,3,1,1,3,4,2,3,4,3,1,5,3,3,3,NA,NA,NA,NA,NA,NA,NA,NA,1,"none",NA,NA,2,2,"",4,2,5,3,4,2,"",1,0,TRUE,FALSE,406,0.885998057602182,3.33333333333333,2.66666666666667,3.66666666666667,0.639464716398872,-0.632063642747835,-1.04903667124124,-0.966473563504948
"410",482,"ga0A5miCVojzbdL_K16I5A**",1,1,NA,1,5,1,"",5,5,1,NA,NA,NA,NA,NA,"",2,2,"",NA,7,NA,4,2,3,5,2,2,5,12,12,13,12,12,11,3,1,2,2,2,NA,1,6,5,5,4,4,5,4,5,4,4,4,5,4,4,4,5,NA,1,1,NA,NA,1,NA,NA,NA,"",NA,NA,2,1,"save the specie",4,5,5,4,3,2,"",0,1,TRUE,FALSE,410,0.885998057602182,4,3.33333333333333,4.33333333333333,2.40233346340711,0.859163539764379,2.60700098828418,1.2557227563455
"415",696,"ga0A5miCVohiwF2H7lcadA**",1,2,34,2,5,1,"",3,2,1,NA,NA,NA,NA,NA,"",1,3,"",4,NA,NA,2,2,2,3,3,2,2,14,13,13,13,12,11,3,3,2,1,1,NA,1,6,3,3,3,1,3,3,4,3,4,3,3,3,3,3,3,NA,NA,NA,1,NA,NA,NA,NA,NA,"",NA,NA,4,2,"",4,1,4,2,1,4,"",0,1,TRUE,FALSE,415,1.06294086264956,3.66666666666667,3.33333333333333,3,0.564604339469231,-0.954404192208585,-0.610985046195235,0.932700049717375
"418",1324,"ga0A5miCVoh-rXFE76GK1w**",1,2,44,2,4,2,"",6,3,NA,NA,NA,1,NA,1,"",1,1,"",NA,NA,2,5,6,5,4,4,5,5,15,15,15,13,12,11,3,1,1,1,1,NA,1,7,5,5,1,1,4,1,1,4,5,1,2,3,2,3,3,NA,1,NA,1,1,1,1,1,NA,"",NA,NA,1,1,"",5,4,4,1,NA,3,"Write in Marco Rubio ",0,1,FALSE,FALSE,418,1.93418664702352,3.33333333333333,3.33333333333333,4,-0.608339468702124,1.68355671593591,-0.961550135090749,-2.91419083605615
"420",865,"ga0A5miCVojch_Gi3sLN_w**",1,2,66,2,4,1,"",2,1,NA,1,NA,NA,NA,NA,"",2,2,"",NA,6,NA,5,4,5,1,1,5,1,14,11,14,14,11,11,3,1,3,1,1,NA,1,1,2,1,5,3,2,5,5,1,3,5,5,1,4,1,1,NA,1,NA,NA,NA,1,NA,NA,NA,"",NA,NA,5,1,"I think that it is a very dangerous idea.",4,1,2,3,4,2,"",0,1,FALSE,FALSE,420,0.936024804290519,5,4,4,-1.27552835085904,-2.19236396864046,0.107755476805094,2.98453811119032
"423",1869,"ga0A5miCVohNhStNbKK9sg**",1,2,40,2,8,1,"",1,7,1,NA,NA,NA,NA,NA,"",2,2,"",NA,7,NA,5,1,2,1,1,5,2,15,14,14,13,13,11,3,1,3,1,3,1,NA,4,4,3,1,1,4,3,3,3,4,3,3,4,3,3,3,NA,NA,NA,1,NA,1,NA,1,NA,"",1,1,1,1,"",5,1,4,2,4,2,"",1,0,TRUE,FALSE,423,0.514396588594512,4.33333333333333,4,4.66666666666667,0.684817347771747,-0.71905751386945,-0.426179105220884,0.123487677572208
"424",577,"ga0A5miCVogp3fdxND1XGA**",1,1,NA,1,5,1,"",2,6,1,NA,NA,NA,NA,NA,"",2,2,"",NA,6,NA,3,3,5,1,1,5,5,15,12,14,13,12,11,3,1,2,1,1,1,NA,5,5,4,1,1,2,3,2,4,4,2,3,4,2,3,4,NA,NA,NA,1,NA,1,1,1,NA,"",NA,1,1,1,"",3,1,4,2,4,2,"",1,0,TRUE,FALSE,424,0.885998057602182,3,2.33333333333333,4,0.842463500430928,0.0456200989341271,-0.293727846086334,-1.96645553555312
"425",499,"ga0A5miCVojf5x_p1LUyvQ**",1,2,28,2,5,1,"",3,3,NA,NA,NA,1,NA,NA,"",2,2,"",NA,7,NA,5,1,2,1,1,5,2,13,13,13,13,13,11,3,3,3,3,1,NA,1,5,3,3,4,3,3,3,3,3,3,3,3,3,3,3,3,NA,NA,NA,1,NA,1,NA,NA,NA,"",NA,NA,4,1,"",5,4,5,1,4,2,"",0,1,TRUE,FALSE,425,0.514396588594512,4,3,4.66666666666667,0.585767974455258,-1.14923387478689,-0.560764189620366,-0.0219530714939459
"428",505,"ga0A5miCVoiDJGBiuEN8uw**",1,1,25,2,6,4,"",9,5,NA,NA,NA,1,NA,NA,"",1,1,"",NA,NA,1,5,7,3,2,2,4,3,12,12,11,12,12,11,3,1,3,2,1,NA,1,6,3,4,4,4,4,3,4,4,3,3,4,4,3,4,4,NA,1,NA,NA,NA,NA,NA,1,NA,"",NA,NA,2,1,"No",4,5,4,3,4,1,"",0,1,TRUE,FALSE,428,1.06294086264956,3.66666666666667,3.33333333333333,4.33333333333333,1.72770878851739,-0.385380308611664,0.429244972169717,0.854679683539117
"429",1317,"ga0A5miCVoi-lZPGnZCbzQ**",1,1,20,1,3,4,"",9,3,NA,NA,NA,1,NA,NA,"",2,2,"",NA,6,NA,2,3,5,4,4,5,2,13,12,14,13,12,11,3,3,3,3,3,1,NA,4,3,3,3,3,3,3,3,3,3,3,3,2,3,3,3,NA,NA,NA,1,NA,NA,NA,NA,NA,"",NA,NA,4,1,"No.",3,1,2,3,4,3,"Jill Stein",1,0,FALSE,FALSE,429,1.61221162203818,3,3,2.66666666666667,0.459129732812375,-1.18926604315724,-0.544718061364239,-0.19480676061969
"436",1469,"ga0A5miCVogQhHMlUDtQ4g**",1,1,45,1,2,1,"",1,6,1,NA,NA,NA,NA,NA,"",2,3,"",5,NA,NA,4,3,3,4,4,3,2,13,12,14,15,12,11,3,1,2,1,1,1,NA,4,4,4,2,2,3,2,4,4,3,4,4,3,2,3,3,NA,1,1,1,NA,NA,NA,1,NA,"",NA,1,1,1,"",4,1,2,3,4,2,"",1,0,FALSE,FALSE,436,1.61221162203818,4,3.33333333333333,3.33333333333333,0.149395938016894,0.33153167495584,-0.982976052796144,2.23646674776837
"439",703,"ga0A5miCVohc1kIBQ-Xqrw**",1,1,39,2,5,1,"",1,6,1,NA,NA,NA,NA,NA,"",2,2,"",NA,7,NA,4,4,5,4,1,5,5,13,13,13,14,12,11,3,3,3,3,3,1,NA,4,4,3,1,3,3,3,2,3,4,3,2,3,2,1,1,NA,NA,NA,1,NA,NA,NA,1,NA,"",NA,NA,1,2,"No, thank you",5,2,5,1,4,2,"",1,0,TRUE,FALSE,439,0.514396588594512,4.33333333333333,4.33333333333333,5,-2.19921415680926,0.560395744862784,-2.19025621048888,0.188194227295715
"440",1382,"ga0A5miCVohhp3Q3a3WOyQ**",1,2,39,2,5,1,"",7,6,NA,1,NA,NA,NA,NA,"",2,2,"",NA,6,NA,4,2,2,4,3,3,2,13,14,14,13,14,11,3,1,3,3,1,NA,1,2,2,3,5,4,1,4,5,3,3,5,4,2,3,1,1,NA,NA,NA,NA,NA,NA,NA,NA,NA,"",NA,NA,5,1,"",3,1,3,5,NA,2,"",0,1,TRUE,FALSE,440,0.514396588594512,4.33333333333333,3,3.33333333333333,-2.09072410887125,0.301488584057002,-0.871019094510166,3.77601717289017
"450",1182,"ga0A5miCVogEDt3u6ZT5pw**",1,2,NA,2,7,5,"",8,5,1,NA,NA,NA,NA,NA,"",2,2,"",NA,7,NA,5,2,5,4,1,2,2,13,12,13,13,12,11,3,3,3,1,3,NA,1,4,4,3,1,1,3,4,3,3,3,2,4,3,4,1,3,NA,NA,NA,NA,1,NA,NA,NA,NA,"",NA,NA,3,2,"",5,1,4,3,4,2,"",0,1,TRUE,FALSE,450,0.514396588594512,4.66666666666667,3.33333333333333,4,-0.0910692486528141,-0.478882338764687,1.75622944655675,-2.48084696789968
"451",1342,"ga0A5miCVojRfSdUBVM12A**",1,3,67,2,4,2,"",1,2,1,NA,NA,1,NA,NA,"",2,2,"",NA,7,NA,4,2,5,4,1,2,5,15,14,12,13,12,11,3,1,1,1,1,NA,1,6,5,5,1,1,5,3,2,5,5,3,1,5,2,4,5,NA,NA,NA,NA,1,NA,NA,NA,1,"swimming in the ocean",NA,NA,1,1,"I think it is a great idea on a number of levels. It would help assure that grizzly bears do not become extinct. I think it would also help the environment because they are a native species. ",5,1,4,1,4,2,"",0,1,FALSE,TRUE,451,0.415545999862478,3.66666666666667,4,5,2.27554456473824,0.749025487544436,-1.25511348897039,-0.344816287139332
"454",772,"ga0A5miCVojZesGQiTEw9A**",1,2,NA,1,8,1,"",1,7,1,NA,NA,NA,NA,NA,"",2,2,"",NA,6,NA,4,4,2,2,2,4,3,15,15,14,15,12,11,3,1,3,1,1,1,NA,2,3,3,4,1,3,3,4,3,4,3,4,2,3,1,2,NA,NA,NA,NA,NA,NA,NA,NA,NA,"",NA,NA,5,2,"",5,1,4,1,4,3,"I couldn't bring myself to vote for either one.",1,0,TRUE,FALSE,454,0.885998057602182,4.33333333333333,4.66666666666667,3.33333333333333,-1.15795095395216,-0.0234103844657402,-0.168000732176705,0.778513053210139
"456",1152,"ga0A5miCVoi_0v-MD0G5kA**",1,1,NA,2,4,1,"",7,6,NA,NA,NA,1,NA,NA,"",2,1,"",NA,NA,1,4,6,2,4,3,2,2,12,11,14,12,12,11,3,1,1,2,2,1,NA,2,4,3,4,2,2,4,4,4,2,4,4,5,4,3,3,NA,NA,NA,1,NA,NA,NA,NA,NA,"",1,NA,4,1,"",3,2,1,4,4,1,"",1,0,FALSE,FALSE,456,0.936024804290519,4.33333333333333,3.66666666666667,4,0.791027734691039,-0.517645599250888,1.26541956654819,0.532659624444418
"457",1183,"ga0A5miCVogVHuouloKzrw**",1,2,43,2,6,1,"",NA,5,1,NA,NA,NA,NA,NA,"",2,2,"",NA,7,NA,5,3,5,1,1,5,5,11,12,15,15,14,11,3,1,3,1,1,NA,1,7,5,5,1,1,5,5,1,5,5,1,1,5,1,5,5,NA,1,NA,NA,1,NA,NA,1,NA,"",NA,NA,1,NA,"We MUST protect this species. Their numbers are decreasing due to human encroachment on the lands they occupy. We owe nit to all wild animals to make sure they're species survives long after were gone.",1,1,1,1,4,2,"",0,1,TRUE,FALSE,457,0.514396588594512,4.66666666666667,2.66666666666667,5,2.31915175385762,0.701732103706776,-1.27052151481495,-2.34961423458045
"461",931,"ga0A5miCVoi6Q_oEfQrsew**",1,2,31,2,3,1,"",1,3,1,1,1,1,NA,NA,"",2,2,"",NA,7,NA,4,4,5,4,4,5,5,14,12,13,13,11,11,3,1,3,1,3,1,NA,7,5,5,3,1,5,2,3,3,5,5,1,5,3,1,3,NA,NA,NA,1,NA,NA,NA,NA,NA,"",NA,NA,3,2,"",5,5,5,1,4,2,"",1,0,FALSE,FALSE,461,0.936024804290519,5,4,5,-0.278339450409551,1.78131138866702,-1.66876292294008,2.36389341042215
"463",833,"ga0A5miCVoj2qeKB0_VIYw**",1,1,45,2,5,1,"",1,3,1,NA,NA,NA,NA,NA,"",2,2,"",NA,6,NA,4,5,5,1,1,5,5,15,14,15,14,12,11,3,1,2,1,1,1,NA,6,4,4,1,1,2,4,4,3,4,4,4,2,3,1,3,NA,NA,NA,NA,NA,NA,NA,NA,NA,"",NA,NA,1,2,"",5,5,5,1,4,2,"",1,0,TRUE,FALSE,463,0.514396588594512,4.66666666666667,3.66666666666667,4.33333333333333,-0.619282428355522,0.622394329895777,0.370791755552111,1.02749263068262
"466",1348,"ga0A5miCVojiRsi9Fd7s4Q**",1,2,20,2,3,4,"",9,1,1,NA,NA,NA,NA,NA,"",2,2,"",NA,6,NA,3,2,5,4,3,5,3,12,14,13,14,13,11,3,1,3,3,3,1,NA,4,3,4,2,2,3,3,2,4,2,3,3,2,3,3,3,NA,NA,NA,NA,NA,NA,NA,NA,NA,"",NA,NA,3,2,"",4,3,2,3,1,2,"",1,0,FALSE,FALSE,466,0.936024804290519,4,3.33333333333333,3.66666666666667,0.0669428075679695,-0.0162720626310005,-0.110937227309345,-1.1930504293016
"468",1125,"ga0A5miCVoiuTz1IE2W3Qg**",1,1,64,2,2,5,"",8,1,1,NA,NA,NA,NA,NA,"",2,2,"",NA,6,NA,3,4,2,4,4,2,2,12,12,14,13,12,11,3,1,3,1,1,1,NA,4,3,3,4,2,3,4,4,3,3,3,4,3,3,3,3,NA,NA,NA,NA,1,NA,NA,NA,NA,"",NA,NA,4,2,"No.",4,1,2,3,4,2,"",1,0,FALSE,FALSE,468,0.936024804290519,3,3,3.66666666666667,0.600189572366827,-0.969699384243544,0.155273577199583,0.722742927871368
"476",2793,"ga0A5miCVogRrt6f-vc2vg**",1,1,34,2,3,1,"",2,3,NA,1,NA,1,NA,NA,"",2,2,"",NA,6,NA,3,4,2,3,3,2,1,14,14,12,13,14,11,3,1,3,1,1,NA,1,4,5,4,3,1,3,2,4,3,4,2,3,2,2,3,3,NA,NA,NA,1,NA,NA,NA,1,NA,"",NA,NA,5,1,"",5,2,4,2,4,2,"",0,1,FALSE,FALSE,476,0.936024804290519,3.66666666666667,3,3.33333333333333,-0.186995335576734,0.258174308981446,-0.9186755869143,0.094071921458317
"477",476,"ga0A5miCVoihvCAN2_Q64Q**",1,1,22,1,6,1,"",1,5,NA,NA,NA,1,NA,NA,"",2,1,"",NA,NA,1,4,2,5,2,2,3,5,12,12,11,11,11,11,3,2,1,2,1,1,NA,6,5,4,4,5,4,5,5,4,5,4,4,4,4,4,5,NA,NA,NA,NA,NA,NA,NA,1,NA,"",NA,NA,2,1,"",4,5,5,5,4,1,"",1,0,TRUE,FALSE,477,0.885998057602182,4.33333333333333,4.66666666666667,3.66666666666667,2.62153972074345,-0.0432309183135236,2.07953775403115,1.08487154971384
"480",998,"ga0A5miCVoiOn-ac4B89jw**",1,1,26,2,4,1,"",3,2,1,NA,NA,1,NA,NA,"",1,1,"",NA,NA,2,3,4,3,2,3,3,4,13,13,13,13,13,11,3,1,1,1,3,NA,1,6,3,2,3,4,3,3,4,3,5,3,3,3,2,3,3,NA,1,1,NA,NA,NA,NA,NA,NA,"",1,NA,2,1,"",2,2,3,3,4,1,"",0,1,FALSE,FALSE,480,1.93418664702352,3.66666666666667,3.33333333333333,3.33333333333333,0.834599391771689,-1.91087710775687,-1.85111038316544,1.70189125494931
"483",678,"ga0A5miCVoiExbaeyPtQfQ**",1,2,54,2,5,1,"",2,3,NA,NA,NA,1,NA,NA,"",2,1,"",NA,NA,2,3,5,2,4,3,3,2,13,13,13,14,12,11,3,3,3,3,3,NA,1,4,4,3,3,3,3,3,3,3,4,3,4,2,3,3,2,NA,NA,NA,NA,NA,NA,NA,NA,NA,"",NA,NA,4,2,"",5,4,4,2,2,1,"",0,1,TRUE,FALSE,483,0.514396588594512,4,3.66666666666667,4,-0.753458994585027,-0.0740162906499562,-0.00588428243257381,-0.0836508543576283
"485",777,"ga0A5miCVoiW8UR9YwE4WQ**",1,1,33,2,5,1,"",1,3,1,NA,NA,NA,NA,NA,"",1,2,"",NA,6,NA,4,2,5,4,1,5,2,12,13,14,13,13,11,3,1,3,1,1,1,NA,4,3,3,3,3,3,3,3,3,4,3,3,3,3,3,3,NA,NA,NA,1,NA,NA,NA,1,NA,"",NA,NA,1,1,"",4,3,4,3,4,2,"",1,0,TRUE,FALSE,485,1.06294086264956,4.66666666666667,4,4,0.515836166559043,-0.96056786898812,-0.578991752213377,0.0939300713922618
"492",2444,"ga0A5miCVoh2jI1N4lNlMA**",1,2,53,2,5,1,"",1,7,NA,NA,NA,1,NA,NA,"",2,2,"",NA,7,NA,4,1,2,1,4,3,3,14,13,14,15,13,11,3,1,1,1,3,NA,1,4,5,3,4,4,2,3,3,3,5,3,4,1,3,2,2,NA,NA,NA,1,NA,NA,NA,NA,NA,"",NA,NA,4,1,"What IS the benefit to re-introducing them to California?",5,2,4,2,4,2,"",0,1,TRUE,FALSE,492,0.514396588594512,5,1,4.33333333333333,-1.40730331731739,0.349308177513083,0.254948680331129,-0.755566126770298
"503",504,"ga0A5miCVoiUUS9hOOS2DQ**",1,2,NA,2,3,1,"",2,1,1,NA,NA,NA,NA,NA,"",1,3,"",4,NA,NA,1,2,3,3,3,3,3,13,13,13,13,13,11,3,3,3,3,3,1,NA,4,3,3,3,3,3,3,3,3,3,3,3,3,3,3,3,NA,NA,NA,NA,NA,NA,NA,NA,1,"none",NA,NA,3,2,"",3,4,3,3,1,4,"",1,0,FALSE,FALSE,503,1.93418664702352,3,3,3,0.585767974455258,-1.14923387478689,-0.560764189620366,-0.0219530714939459
"506",979,"ga0A5miCVoh-12m5bDP2iA**",1,2,24,2,3,1,"",2,2,1,NA,NA,NA,NA,1,"middle eastern",2,1,"",NA,NA,2,4,4,2,3,3,3,2,14,13,13,13,13,11,3,3,2,3,3,1,NA,1,4,3,5,4,1,3,2,2,1,3,3,1,3,1,1,NA,NA,NA,1,NA,NA,NA,NA,NA,"",NA,NA,5,2,"I would not feel safe going out for walks with my dogs. I would also fear people hunting the bears and imposing on them into making the bears attack them because people would want to get too close to take pictures, etc.",5,5,2,3,3,4,"",1,0,FALSE,FALSE,506,0.936024804290519,4,3,3.66666666666667,-2.43930101898565,-0.254174425734154,-0.666804947118872,-1.49179920196629
"511",2013,"ga0A5miCVoixslHQULSHKw**",1,1,55,1,3,6,"",8,3,1,1,1,NA,1,NA,"",2,2,"",NA,7,NA,4,4,2,4,1,2,4,14,14,12,13,12,11,3,1,1,1,1,1,NA,4,4,4,2,2,3,4,4,3,4,3,4,4,4,3,3,NA,1,NA,NA,NA,NA,NA,NA,1,"boating",NA,NA,2,2,"I live in city I think northern Californians show have that say so cooler weather",5,1,4,3,1,2,"",1,0,FALSE,FALSE,511,1.61221162203818,4,2,4,0.241648638920911,0.585716792384873,1.54167156081978,0.0501965880414828
"519",3097,"ga0A5miCVogVdeK5fBgMQQ**",1,2,39,1,3,2,"",5,5,1,NA,1,NA,NA,1,"Mexican ",1,1,"",NA,NA,2,5,4,3,2,2,3,2,13,13,15,14,11,11,3,1,2,2,1,1,NA,7,5,3,2,1,4,3,3,3,5,3,2,4,2,3,3,NA,1,NA,1,NA,1,NA,NA,NA,"",NA,NA,1,1,"",4,1,2,2,2,4,"",1,0,FALSE,FALSE,519,3.33144824499172,3.66666666666667,1.66666666666667,2.66666666666667,0.542451634736073,-0.531344586010264,-1.79587350227717,0.755368280444234
"526",1002,"ga0A5miCVojI8QEht5I7gQ**",1,2,54,1,3,1,"",1,2,1,NA,NA,NA,NA,NA,"",1,2,"",NA,6,NA,5,2,5,1,1,5,5,13,14,15,15,12,11,3,1,3,1,1,NA,1,2,3,1,4,1,2,3,5,1,2,3,5,2,5,1,1,NA,NA,NA,NA,NA,NA,NA,NA,NA,"",NA,NA,4,1,"",5,1,2,3,4,2,"",0,1,FALSE,FALSE,526,3.33144824499172,2.66666666666667,3.66666666666667,2,-1.26398588860147,-2.22800644056844,1.48100863446525,0.0584436568140964
"527",570,"ga0A5miCVog7-8hK2DK6XQ**",1,1,NA,2,5,1,"",1,6,NA,NA,NA,1,NA,NA,"",2,4,"",5,NA,NA,1,NA,2,3,3,2,2,13,13,13,13,13,11,3,3,3,3,1,1,NA,4,3,3,3,4,3,3,3,3,3,3,3,3,3,3,3,NA,NA,NA,NA,NA,NA,NA,NA,NA,"",NA,NA,3,2,"",3,3,3,3,1,4,"",1,0,TRUE,FALSE,527,0.514396588594512,4,3.66666666666667,3.33333333333333,0.585767974455258,-1.14923387478689,-0.560764189620366,-0.0219530714939459
"528",1236,"ga0A5miCVogzzRBIzfMOFg**",1,2,NA,2,3,1,"",2,3,NA,NA,NA,NA,1,NA,"",2,2,"",NA,6,NA,3,NA,3,4,4,2,3,13,13,13,13,13,11,3,3,3,3,1,1,NA,4,3,2,3,3,3,3,3,3,3,3,3,3,3,1,4,NA,NA,NA,NA,NA,NA,NA,NA,NA,"",NA,NA,4,2,"",3,3,4,4,4,2,"",1,0,FALSE,FALSE,528,0.936024804290519,3.66666666666667,3.33333333333333,4,1.46156400603551,-2.63082399216148,-0.522057926544832,-0.780446631755541
"530",517,"ga0A5miCVoiPSgdoVfL1cg**",1,1,25,1,3,4,"",9,3,NA,NA,NA,1,NA,NA,"",2,1,"",NA,NA,2,4,2,5,3,2,3,2,13,13,12,12,11,11,3,1,3,1,2,NA,1,6,3,4,3,4,3,4,3,3,3,4,4,3,3,3,3,NA,NA,NA,1,NA,1,1,NA,NA,"",NA,NA,2,1,"",3,1,5,4,3,4,"",0,1,FALSE,FALSE,530,1.61221162203818,3.66666666666667,2.33333333333333,3.33333333333333,0.250084041102271,0.0798955296947423,0.107626714605334,1.0029285148969
"537",2950,"ga0A5miCVohpg3J41jYTNg**",1,1,36,1,3,6,"",9,1,NA,1,NA,NA,NA,NA,"",2,2,"",NA,6,NA,4,6,5,2,2,2,4,13,15,12,13,12,11,3,1,3,1,3,1,NA,4,5,3,4,2,3,3,4,3,5,3,3,3,3,2,3,NA,NA,NA,1,NA,NA,NA,NA,1,"Walking, running",NA,NA,2,1,"None",5,5,2,5,4,2,"",1,0,FALSE,FALSE,537,1.61221162203818,4.66666666666667,1,3.66666666666667,0.0797411979495723,-0.289569368926875,-0.197339436439039,0.290342383484651
"539",1539,"ga0A5miCVoi4m_GFXTA6fQ**",1,3,67,2,6,7,"housewife",8,2,1,NA,NA,NA,NA,NA,"",1,2,"",NA,7,NA,4,3,5,1,1,5,2,13,12,15,15,11,11,3,1,3,1,3,1,NA,4,3,2,4,1,1,4,3,3,3,2,4,2,3,1,1,NA,NA,NA,1,1,NA,NA,NA,NA,"",NA,NA,5,1,"",4,1,4,4,4,2,"",1,0,TRUE,TRUE,539,0.47189008404451,3,2.66666666666667,4,-2.103054622278,-0.583371662813386,0.0509924879066183,-1.320157683788
"547",1332,"ga0A5miCVojSD7tek9zeSw**",1,2,21,2,4,1,"",7,2,1,NA,NA,NA,NA,NA,"",1,2,"",NA,7,NA,4,2,2,1,4,5,5,13,14,11,12,14,11,3,1,3,1,1,1,NA,5,4,4,3,3,2,4,4,3,4,4,3,3,4,2,2,NA,NA,NA,1,NA,NA,NA,1,NA,"",NA,NA,2,1,"No",4,4,3,2,4,2,"",1,0,FALSE,FALSE,547,1.93418664702352,5,3.33333333333333,4.66666666666667,-1.19446905298805,1.1950272579466,0.613423613635452,0.964595376453544
"551",952,"ga0A5miCVohjdBNmAyWTUw**",1,2,42,2,5,1,"",2,4,NA,1,NA,NA,NA,NA,"",2,2,"",NA,7,NA,5,2,5,2,3,5,2,14,12,14,13,12,11,3,3,3,3,3,1,NA,6,4,5,4,2,4,3,2,4,4,2,2,4,4,2,4,NA,NA,NA,1,NA,1,1,NA,NA,"",NA,NA,2,2,"I hope it is done humanely. ",4,1,4,3,4,2,"",1,0,TRUE,FALSE,551,0.514396588594512,5,3.33333333333333,4.66666666666667,0.615412337830697,1.15657069161193,1.177115340243,-2.8535714861585
"558",983,"ga0A5miCVohqMQCk9-gPLg**",1,2,43,1,2,1,"",3,4,1,NA,NA,NA,NA,NA,"",1,2,"",NA,7,NA,5,2,5,5,5,5,2,11,12,11,12,11,11,3,1,3,1,3,1,NA,7,5,5,1,3,3,5,5,5,5,4,2,5,4,4,5,NA,NA,NA,1,1,NA,1,NA,NA,"",NA,NA,1,1,"Nothing ",5,4,4,4,4,2,"",1,0,FALSE,FALSE,558,3.33144824499172,5,4.33333333333333,5,2.2865691745593,1.15677553438585,1.39995018310954,1.14457777357097
"561",1081,"ga0A5miCVohF0P-AItvH4A**",1,2,51,2,3,2,"",2,5,1,NA,NA,NA,NA,NA,"",1,2,"",NA,7,NA,4,1,5,1,1,5,5,15,15,13,13,12,11,3,1,3,2,1,1,NA,5,5,4,1,1,1,3,2,4,4,3,4,3,3,2,2,NA,NA,NA,NA,1,NA,NA,NA,NA,"",NA,1,1,1,"",5,3,4,1,4,2,"",1,0,FALSE,FALSE,561,1.93418664702352,4.66666666666667,2.66666666666667,4.66666666666667,-1.66387720583976,1.58246738914395,0.686552382717283,-1.57278144375102
"564",1014,"ga0A5miCVojfOFUAd3Hzug**",1,1,56,2,5,7,"",9,3,1,NA,NA,NA,NA,NA,"",1,2,"",NA,6,NA,3,4,2,3,4,2,2,15,15,12,13,13,11,3,3,2,1,3,NA,1,4,4,3,3,1,3,4,3,3,4,3,3,3,3,3,3,NA,NA,NA,NA,NA,NA,NA,NA,NA,"",NA,NA,3,2,"No",4,1,3,3,4,2,"",0,1,TRUE,FALSE,564,1.06294086264956,3.66666666666667,2,3.66666666666667,0.440871694050077,-0.699593110681795,-0.170695063813948,-0.2605579626875
"577",1270,"ga0A5miCVoio5YmbYdq1Jg**",1,1,45,1,3,1,"",3,3,NA,1,NA,NA,NA,NA,"",2,1,"",NA,NA,1,4,7,4,5,5,1,1,15,15,11,13,15,11,3,2,2,1,1,1,NA,4,3,3,2,1,1,2,4,2,3,3,4,2,4,1,2,NA,NA,NA,NA,NA,NA,NA,NA,NA,"",NA,NA,5,2,"I don't see the benefit of reintroducing them.",4,1,2,4,4,1,"",1,0,FALSE,FALSE,577,1.61221162203818,4.66666666666667,3,2,-1.2502783736366,-0.553955020488244,0.53887208869322,-0.229932733068167
"579",1011,"ga0A5miCVohXuJpzIFh_og**",1,2,53,1,7,1,"",1,7,1,NA,NA,NA,NA,NA,"",1,2,"",NA,7,NA,4,2,2,1,1,5,5,15,13,13,13,12,11,3,1,3,3,3,NA,1,5,4,2,4,1,3,5,4,1,3,4,3,3,3,1,1,NA,NA,NA,1,NA,NA,NA,1,NA,"",NA,NA,4,2,"",5,4,1,2,4,2,"",0,1,TRUE,FALSE,579,1.8308121798138,4.66666666666667,2.66666666666667,4,-1.50855677387073,-0.954508129428191,-1.11348903622575,2.03898928270231
"581",43058,"ga0A5miCVoi3L-Uj-lF82g**",1,1,27,2,2,1,"",2,2,NA,NA,NA,NA,NA,1,"Hispanic ",1,3,"",4,NA,NA,5,4,2,4,4,2,3,13,13,13,13,13,11,3,3,3,1,1,NA,1,4,3,4,3,3,4,3,3,3,4,3,3,3,3,3,3,NA,NA,NA,1,1,NA,NA,NA,NA,"",NA,NA,3,1,"",4,4,4,2,4,2,"",0,1,FALSE,FALSE,581,1.93418664702352,4,3.66666666666667,4,0.261756745294994,0.115913135512913,-0.398741564740587,0.381712550702616
"583",592,"ga0A5miCVojgqBMN2i5zxQ**",1,1,53,2,6,1,"",1,6,NA,NA,NA,1,NA,NA,"",2,2,"",NA,7,NA,4,2,2,4,4,2,2,14,13,13,14,12,11,3,3,3,1,3,1,NA,5,4,3,3,2,3,4,3,4,4,3,3,4,3,2,3,NA,NA,NA,1,1,NA,NA,NA,NA,"",NA,NA,2,1,"",4,2,3,4,4,2,"",1,0,TRUE,FALSE,583,0.514396588594512,4,3.66666666666667,4,0.261611923654694,-0.23530852281339,0.0209788452585763,-0.396688863919117
"589",1558,"ga0A5miCVoj0nVjjJ9pWqA**",1,1,53,2,6,1,"",1,7,1,NA,NA,NA,NA,NA,"",2,2,"",NA,7,NA,5,2,5,1,1,5,5,15,15,15,13,12,11,3,3,3,3,3,1,NA,7,5,3,1,1,3,3,3,3,5,3,3,3,3,3,3,NA,NA,NA,NA,NA,NA,NA,1,NA,"",NA,NA,1,1,"",4,1,3,2,4,2,"",1,0,TRUE,FALSE,589,0.514396588594512,5,4,4.66666666666667,0.295263344675002,-0.408743700964871,-0.199671514622114,-0.406137004713737
"592",1076,"ga0A5miCVog0Yv9Hs3yMNw**",1,2,NA,1,5,1,"",1,6,NA,NA,NA,1,NA,NA,"",2,2,"",NA,6,NA,4,2,2,2,3,2,2,12,14,12,12,11,11,3,3,3,1,1,NA,1,7,4,5,2,2,4,4,3,4,5,4,3,4,2,5,5,NA,1,NA,1,NA,NA,NA,NA,NA,"",NA,NA,1,1,"",5,3,4,3,1,2,"",0,1,TRUE,FALSE,592,0.885998057602182,4.33333333333333,2.33333333333333,4,2.46258589346522,0.35594903189365,-0.650905602869487,1.62759775461785
"602",1158,"ga0A5miCVoh2BFRrnumP9g**",1,1,21,2,4,4,"",3,1,1,NA,NA,NA,NA,NA,"",1,2,"",NA,6,NA,4,1,5,1,1,5,2,14,14,12,14,11,11,3,3,3,1,2,1,NA,5,5,4,3,1,5,4,4,4,5,4,4,4,4,3,3,NA,NA,NA,1,NA,NA,NA,1,NA,"",NA,NA,1,1,"",4,2,5,3,1,4,"",1,0,FALSE,FALSE,602,1.93418664702352,5,3.66666666666667,4.66666666666667,0.360521034229018,1.3061785466605,1.54597684490318,1.01662078689216
"611",1289,"ga0A5miCVoiOKrqI_KbDYQ**",1,3,45,2,3,1,"",6,5,1,NA,NA,NA,NA,NA,"",2,1,"",NA,NA,1,3,NA,3,4,3,4,2,15,15,11,14,13,11,3,1,3,1,1,NA,1,4,5,5,1,1,3,3,1,5,5,1,3,3,1,3,3,NA,1,1,1,1,NA,NA,NA,NA,"",NA,NA,1,2,"",5,1,5,3,4,1,"",0,1,FALSE,TRUE,611,0.415545999862478,3.66666666666667,2,5,-0.83341715581129,2.13910884301522,-0.812418958035306,-2.60973925127477
"615",1125,"ga0A5miCVohjHB-M01aS4w**",1,3,65,1,3,5,"",8,2,1,NA,NA,NA,NA,NA,"",2,2,"",NA,6,NA,5,4,1,1,1,4,5,15,12,14,14,12,11,3,1,2,2,1,1,NA,1,5,1,5,1,1,5,1,1,4,1,5,1,5,1,1,NA,NA,NA,1,1,1,NA,NA,NA,"",NA,NA,5,2,"I think it is a nice idea but could have a very negative impact.",5,4,3,3,4,2,"",1,0,FALSE,TRUE,615,0.715737539645185,5,2,4.66666666666667,-2.13396384820603,-1.41166427718856,3.01469225288998,-6.10308297973071
"617",556,"ga0A5miCVoiIhEUpXhQlgA**",1,3,66,2,2,5,"",8,3,1,NA,NA,NA,NA,NA,"",2,1,"",NA,NA,2,2,4,3,3,3,3,3,13,13,13,13,13,11,3,1,3,3,1,1,NA,4,3,3,3,3,3,3,3,3,3,3,3,3,3,3,3,NA,NA,NA,NA,NA,NA,NA,NA,NA,"",NA,NA,3,2,"",3,2,3,3,1,4,"",1,0,FALSE,TRUE,617,0.415545999862478,3,4,3,0.585767974455258,-1.14923387478689,-0.560764189620366,-0.0219530714939459
"618",946,"ga0A5miCVojOWbtYkoVsXg**",1,2,64,1,3,5,"",8,1,1,NA,NA,NA,NA,NA,"",2,3,"",5,NA,NA,5,4,2,2,4,2,5,14,13,14,13,12,11,3,1,2,2,1,NA,1,4,4,3,2,1,3,3,3,2,4,3,4,3,3,3,3,NA,NA,NA,1,NA,NA,NA,NA,NA,"",NA,NA,4,2,"none",4,5,4,4,4,3,"bernie sanders",0,1,FALSE,FALSE,618,1.61221162203818,4,2.33333333333333,4,0.447420742484213,-0.996255415545748,-0.0151042447904447,-0.0949120922493455
"620",1095,"ga0A5miCVoi8FMQYyQ-rdA**",1,3,26,1,5,1,"",2,3,NA,NA,NA,NA,NA,1,"brown",1,2,"",NA,7,NA,4,3,2,4,4,2,2,14,12,15,14,15,11,3,3,3,3,1,NA,1,2,2,1,2,2,4,2,5,1,5,5,4,1,3,2,2,NA,1,NA,1,NA,1,NA,NA,NA,"",NA,NA,5,1,"",4,2,4,2,4,2,"",0,1,TRUE,TRUE,620,0.812784740675527,4,2.33333333333333,3,0.118677547534941,-2.95999312068986,-2.0214435386482,4.30065545617488
"622",774,"ga0A5miCVoiqMrT7sngBAQ**",1,3,64,2,3,6,"",9,3,1,NA,NA,NA,NA,NA,"",2,1,"",NA,NA,1,4,6,2,2,5,4,4,13,12,15,14,12,11,3,1,3,3,1,1,NA,3,4,2,5,3,2,3,4,3,2,3,4,1,3,2,1,NA,NA,NA,NA,NA,NA,NA,NA,NA,"",NA,NA,4,2,"",4,3,3,4,4,1,"",1,0,FALSE,TRUE,622,0.415545999862478,3.66666666666667,4,3.66666666666667,-1.73431014892057,-0.797657614054333,-0.311521969342118,0.271235006880344
"623",1148,"ga0A5miCVoidhJmxxYjxlw**",1,3,34,2,3,7,"Homemaker",9,3,1,NA,NA,NA,NA,NA,"",2,3,"",3,NA,NA,2,1,5,2,4,5,2,15,14,11,14,12,11,3,1,3,1,1,1,NA,1,5,3,5,5,2,3,5,2,4,3,4,3,4,1,1,NA,1,NA,1,1,1,NA,1,NA,"",1,NA,5,2,"No",5,4,5,1,4,2,"",1,0,FALSE,TRUE,623,0.415545999862478,5,4,3.66666666666667,-2.2100591029426,0.794389304541609,0.869539736448296,0.750598887491435
"625",1954,"ga0A5miCVojK9cIvUT0CrQ**",1,2,18,2,2,7,"Student ",9,6,NA,NA,NA,1,NA,NA,"",2,1,"",NA,NA,2,4,5,5,1,4,2,2,14,13,12,13,13,11,3,1,3,1,3,1,NA,5,4,5,2,3,4,5,3,4,5,4,4,4,4,2,2,NA,NA,NA,1,NA,1,NA,1,NA,"",NA,NA,1,1,"",4,2,3,4,4,1,"",1,0,FALSE,FALSE,625,0.936024804290519,4,3,4,-1.39890103425315,2.9985544434767,1.68290400536297,0.606255756810609
"638",812,"ga0A5miCVoi5CdmXKL0GbA**",1,1,NA,2,5,1,"",2,1,1,NA,NA,NA,NA,NA,"",1,2,"",NA,7,NA,5,2,5,3,1,2,2,15,15,13,15,14,11,3,3,2,3,1,1,NA,7,5,5,1,3,2,2,2,5,5,2,2,5,2,3,3,NA,NA,NA,1,NA,NA,1,1,NA,"",NA,NA,1,1,"",5,5,5,1,4,2,"",1,0,TRUE,FALSE,638,1.06294086264956,5,4.33333333333333,4,-0.512467854077924,2.11980065147054,-0.87269345131923,-1.27642634480386
"644",1536,"ga0A5miCVog3I89HqMTd3w**",1,1,47,2,3,2,"",2,1,1,NA,NA,NA,NA,NA,"",2,1,"",NA,NA,2,3,4,1,4,4,4,3,13,13,13,13,13,11,3,1,1,1,1,1,NA,6,5,4,3,1,4,3,3,3,5,3,3,3,3,3,3,NA,NA,NA,1,NA,NA,NA,NA,NA,"",NA,NA,1,1,"",5,5,5,4,4,1,"",1,0,FALSE,FALSE,644,0.936024804290519,3.66666666666667,3.33333333333333,3.66666666666667,0.0411839234109526,0.667737303536163,-0.0194213271493244,-0.118354525403382
"650",720,"ga0A5miCVog10A9PZoqntw**",1,2,62,1,5,5,"",8,6,NA,NA,NA,1,NA,NA,"",2,4,"aetheist",4,NA,NA,1,6,3,2,2,3,2,13,13,13,13,13,11,3,1,2,1,1,1,NA,4,3,3,3,3,3,3,3,3,3,3,3,3,3,3,3,NA,1,NA,NA,NA,NA,NA,NA,NA,"",NA,NA,3,1,"",3,2,4,3,1,4,"",1,0,TRUE,FALSE,650,0.885998057602182,2.33333333333333,2,2,0.585767974455258,-1.14923387478689,-0.560764189620366,-0.0219530714939459
"654",749,"ga0A5miCVog5JBBS-Q66Sw**",1,3,61,2,5,2,"",2,3,1,NA,NA,NA,NA,NA,"",2,2,"",NA,7,NA,5,1,5,1,1,5,5,15,15,14,13,13,11,3,1,1,1,1,NA,1,4,5,3,3,2,4,3,3,3,4,3,3,3,3,3,3,NA,NA,NA,1,NA,NA,NA,NA,NA,"",NA,NA,3,1,"I would need to know more about it.",5,5,3,1,4,2,"",0,1,TRUE,TRUE,654,0.228365149890846,4.66666666666667,3,5,0.482858599134951,-0.577510601127563,-0.21135907687262,-0.357341121049639
"658",699,"ga0A5miCVohjvwvscQd0dQ**",1,3,52,2,3,4,"",9,1,1,NA,1,NA,NA,NA,"",2,2,"",NA,7,NA,3,2,2,3,3,2,2,14,14,12,13,12,11,3,1,1,1,1,NA,1,6,4,4,3,3,3,3,3,4,4,4,3,4,3,3,3,NA,NA,NA,1,NA,NA,NA,NA,NA,"",NA,NA,3,2,"",4,3,4,2,4,2,"",0,1,FALSE,TRUE,658,0.415545999862478,3,3.66666666666667,3,0.224208850450997,0.628043735451887,-0.302509471789755,0.911070216141913
"659",1163,"ga0A5miCVojDkMXFG5D9JQ**",1,2,32,1,4,1,"",2,2,NA,1,NA,NA,NA,NA,"",2,3,"",4,NA,NA,1,NA,5,2,4,3,2,13,12,14,13,12,11,3,3,3,1,1,1,NA,4,3,4,4,4,3,4,4,2,3,4,5,4,2,1,1,NA,NA,NA,NA,NA,NA,NA,NA,1,"None",NA,NA,3,2,"",4,5,5,3,1,4,"",1,0,FALSE,FALSE,659,1.61221162203818,5,4,3.33333333333333,-2.19326871437334,1.34834809326269,-0.878822480156838,3.32713331755078
"662",686,"ga0A5miCVoib9d6aSyxVTA**",1,2,46,1,3,7,"",9,2,NA,NA,NA,1,NA,NA,"",2,1,"",NA,NA,1,5,7,5,3,3,5,5,14,11,15,14,14,11,3,1,1,3,1,NA,1,5,4,3,5,1,1,5,5,3,5,5,5,1,5,1,1,NA,NA,NA,1,1,1,NA,1,NA,"",1,NA,5,2,"",5,1,5,1,4,1,"",0,1,FALSE,FALSE,662,1.61221162203818,4.33333333333333,2.33333333333333,3.66666666666667,-2.47858154003478,1.35243144823668,2.27761569366781,1.57208254137327
"675",784,"ga0A5miCVoi-0Hxplxn-KA**",1,1,20,2,3,1,"",1,6,NA,NA,NA,1,NA,NA,"",2,2,"",NA,6,NA,4,2,2,1,1,5,5,12,12,13,13,12,11,3,3,3,1,3,NA,1,7,4,4,3,1,4,4,2,4,5,4,3,3,4,2,3,NA,NA,NA,1,NA,1,NA,1,NA,"",1,1,4,1,"",4,1,4,2,4,2,"",0,1,FALSE,FALSE,675,0.936024804290519,5,3.33333333333333,4.33333333333333,-0.135584202956116,1.07137635667149,0.952967885544821,-0.785206311688596
"676",1154,"ga0A5miCVohaFD4bmwEpHA**",1,3,32,2,2,6,"",9,1,1,NA,NA,NA,NA,NA,"",2,2,"",NA,6,NA,5,1,5,1,1,5,5,15,15,12,13,13,11,3,1,1,1,1,NA,1,7,5,4,1,1,3,3,3,3,5,3,1,3,1,3,3,NA,NA,NA,NA,NA,NA,NA,NA,NA,"",NA,NA,3,2,"Laws against hunting them need to be implemented first and tightly enforced otherwise it'll be useless with all the idiots running around with guns. ",5,5,5,1,2,NA,"",0,1,FALSE,TRUE,676,0.415545999862478,5,3,5,-0.0707063194438727,0.282773879796436,-3.08998767141662,1.36491158701016
"677",789,"ga0A5miCVohFZ3YJAzVDpw**",1,2,46,1,5,1,"",1,7,1,NA,NA,NA,NA,NA,"",2,3,"",4,NA,NA,4,4,2,4,4,4,3,14,14,14,13,12,11,3,1,2,1,1,1,NA,6,5,3,2,1,3,4,3,3,4,3,3,3,3,3,3,NA,NA,NA,1,NA,NA,1,NA,NA,"",1,NA,1,1,"",5,1,2,4,1,NA,"",1,0,TRUE,FALSE,677,0.885998057602182,4.66666666666667,4,3,0.365551187056163,-0.518014029569555,0.0280788362781891,-0.568533072183604
"678",777,"ga0A5miCVoiS4IMgV2nD9g**",1,1,64,1,5,5,"",8,1,1,NA,NA,NA,NA,NA,"",2,4,"Green",5,NA,NA,3,1,5,1,1,5,5,14,13,13,13,13,11,3,3,2,1,1,NA,1,4,3,3,1,1,4,2,3,3,4,3,3,3,3,3,3,NA,NA,NA,NA,NA,NA,NA,NA,NA,"",NA,NA,1,2,"",5,3,3,1,4,2,"",0,1,TRUE,FALSE,678,0.885998057602182,4.33333333333333,1.33333333333333,4.33333333333333,0.633143578637831,-1.02006444054613,-0.818429665364186,0.305122022526226
"684",985,"ga0A5miCVohQ9B5y-UaHMg**",1,2,69,1,5,5,"",8,6,1,NA,NA,NA,NA,NA,"",2,2,"",NA,6,NA,4,4,2,4,4,2,2,15,12,15,15,12,11,3,1,2,3,1,1,NA,3,4,3,2,1,2,4,3,3,4,3,4,3,4,2,2,NA,NA,NA,NA,NA,NA,NA,NA,NA,"",NA,NA,3,1,"",3,1,4,2,4,2,"",1,0,TRUE,FALSE,684,0.885998057602182,3,2,3.66666666666667,-0.976602477027438,0.227080127018963,1.26356533668793,-1.04069122159835
"685",2220,"ga0A5miCVoiPD4lgS-8dyw**",1,3,68,2,4,6,"",2,1,1,NA,NA,NA,NA,NA,"",2,1,"",NA,NA,1,5,7,1,4,2,5,1,11,11,15,15,11,11,3,1,3,1,1,NA,1,7,5,5,4,3,1,4,4,3,5,3,4,3,4,3,2,NA,NA,1,NA,NA,NA,NA,NA,NA,"",NA,NA,2,1,"I have heard the stories from the tribes of California that hunted Grizzlies and the reports of them existed down into parts of Mexico.",5,3,2,5,4,1,"",0,1,FALSE,TRUE,685,0.415545999862478,3.33333333333333,4,4,-1.66994548159106,2.58374292754488,1.8280387575164,-0.170194740786621
"686",736,"ga0A5miCVohG7rJgRQbqfg**",1,2,31,2,8,4,"",9,7,1,NA,NA,NA,NA,NA,"",1,1,"",NA,NA,2,4,6,1,2,1,3,2,12,12,14,12,12,11,3,1,1,1,1,NA,1,7,4,5,1,2,4,5,2,5,5,3,2,4,5,4,4,NA,NA,NA,1,NA,NA,NA,NA,NA,"",NA,1,1,1,"",4,5,4,3,4,3,"Johnson",0,1,TRUE,FALSE,686,1.06294086264956,3.33333333333333,4,4.33333333333333,1.13538706287549,1.67698221985651,2.40460426826691,-2.49338641493198
"689",1385,"ga0A5miCVog-S9uSbyvwuA**",1,2,NA,2,4,5,"",8,1,1,NA,NA,NA,NA,NA,"",2,1,"",NA,NA,1,4,7,4,2,2,4,4,14,13,15,14,11,11,3,3,3,3,1,NA,1,4,3,3,1,1,3,3,3,3,3,3,3,3,3,3,3,NA,NA,NA,NA,NA,NA,NA,NA,NA,"",NA,NA,NA,2,"",4,1,3,4,4,1,"",0,1,FALSE,FALSE,689,0.936024804290519,4,2,3.33333333333333,0.585767974455258,-1.14923387478689,-0.560764189620366,-0.0219530714939459
"690",1945,"ga0A5miCVoja9RYHVjf61g**",1,2,64,2,2,5,"",8,6,NA,1,NA,NA,NA,NA,"",2,2,"",NA,7,NA,3,3,4,2,2,3,2,15,13,13,15,11,11,3,3,3,3,3,1,NA,1,1,1,5,1,1,5,5,1,1,5,5,1,5,1,1,NA,NA,NA,NA,NA,NA,NA,NA,NA,"",NA,NA,5,2,"one of the silliest ideas I have heard in a very long time.  Matter of fact, it is the silliest idea I have ever heard.",1,1,1,4,4,2,"",1,0,FALSE,FALSE,690,0.936024804290519,3.33333333333333,4.33333333333333,2.33333333333333,-1.14619166700732,-2.68261714450421,0.98708428880339,2.11965639325792
"694",1912,"ga0A5miCVoju2WUMhIeBMw**",1,1,33,2,5,1,"",1,7,1,NA,NA,NA,NA,NA,"",NA,3,"",5,NA,NA,4,3,5,2,2,5,2,13,12,12,12,12,11,3,2,1,1,1,NA,1,6,3,4,4,4,5,4,4,4,3,4,3,4,5,4,4,NA,NA,NA,NA,NA,1,NA,NA,NA,"",NA,NA,1,1,"",4,5,4,4,4,2,"",0,1,TRUE,FALSE,694,0.631599695124033,4,4,3,2.01446840378128,-0.203769925534159,1.80400381836835,0.463435922260937
"697",23573,"ga0A5miCVoh9bdeY5mLRrw**",1,2,49,2,3,1,"",3,6,1,NA,NA,NA,NA,NA,"",2,1,"",NA,NA,2,3,6,2,3,2,3,5,15,15,14,13,13,11,3,1,3,2,1,NA,1,1,3,3,4,1,1,3,3,1,3,3,5,1,3,1,1,NA,NA,NA,NA,NA,NA,NA,NA,NA,"",NA,NA,5,2,"",4,1,2,3,4,1,"",0,1,FALSE,FALSE,697,0.936024804290519,3.33333333333333,4,4,-2.48287348143846,-0.175549309569461,-0.0304053865535767,-0.0417159368943077
"702",1188,"ga0A5miCVojq5y96mdF0uQ**",1,3,36,2,2,1,"",1,4,1,NA,NA,NA,NA,NA,"",2,4,"None",3,NA,NA,1,NA,5,1,1,5,2,15,13,14,14,13,11,3,1,1,3,1,NA,1,3,4,2,4,1,1,4,4,2,4,3,4,2,4,2,2,NA,NA,NA,1,1,NA,NA,NA,NA,"",NA,NA,4,2,"",4,4,4,2,1,4,"",0,1,FALSE,TRUE,702,0.415545999862478,4,3.33333333333333,4,-0.758785432093436,-1.19451113331248,0.893973318325693,-0.495863411478705
"703",1769,"ga0A5miCVogyw8QO6XX-Wg**",1,1,54,2,4,4,"",9,1,1,NA,NA,NA,NA,NA,"",2,2,"",NA,7,NA,3,NA,2,4,4,2,2,15,15,12,12,13,11,3,1,3,1,1,NA,1,7,4,4,1,1,3,4,2,4,5,3,3,4,3,2,3,NA,NA,NA,1,NA,1,1,NA,NA,"",NA,NA,1,2,"I think they should be introduced back into the wildlife I can't believe they were killed off but they will have to be monitored until they are comfortable in the new habitat.",5,4,5,3,3,4,"",0,1,FALSE,FALSE,703,0.936024804290519,5,3.66666666666667,5,-0.228830924979493,1.0037757050708,0.244909888963729,-0.996472246597972
"705",1193,"ga0A5miCVoikjREweg8cow**",1,3,33,2,3,7,"stay home parent",9,6,1,NA,NA,NA,NA,NA,"",2,2,"",NA,7,NA,5,2,5,4,1,2,2,13,12,14,14,12,11,3,1,1,1,1,1,NA,4,5,4,2,1,4,5,2,4,4,2,4,3,4,2,2,NA,NA,NA,NA,1,NA,NA,NA,1,"will do more as my daughter grows",NA,NA,3,1,"I think if the plan if carefully thought out and the grizzly bears are released to areas that are already protected, and education for the public in how to handle an encounter with this species, it will not be a bad thing. Wildlife such as this do not necessarily pose a danger to humans. It's generally humans behaving ignorantly when encountering wildlife that gets them injured. Ranchers and farmers would need to take the same precautions to protect their livelihoods from bears as they would other wildlife. We damage our ecosystem enough with farming in this state anyway. ",4,2,NA,2,4,2,"",1,0,FALSE,TRUE,705,0.415545999862478,5,3.33333333333333,4.66666666666667,-1.34876429902297,1.89033639106959,2.31739051575462,-2.9440338409638
"708",1182,"ga0A5miCVojjpQYBq-13uA**",1,3,31,2,3,7,"Homemaker",9,6,NA,NA,NA,1,NA,NA,"",2,3,"",3,NA,NA,4,5,2,4,2,2,2,13,12,15,15,13,11,3,1,2,1,1,NA,1,5,5,5,1,1,4,1,2,5,5,3,4,4,3,3,3,NA,1,NA,1,NA,NA,1,1,NA,"",NA,NA,1,1,"I dont have a problem with it.  It would help keep deer populations healthier, and you already have to take precautions with black bears while hiking, i dont see how adding grizzlies would change any th ing really",4,1,2,5,4,3,"Gary johnson",0,1,FALSE,TRUE,708,0.415545999862478,4,3,3.66666666666667,-0.37131893894289,2.31585500465267,0.672943177100082,-0.949090567512795
"712",1109,"ga0A5miCVojKFnCAsI4AQQ**",1,1,69,2,6,1,"",1,6,1,NA,NA,NA,NA,NA,"",2,3,"",5,NA,NA,2,4,4,3,2,4,2,14,12,14,13,13,11,3,3,3,1,1,NA,1,1,1,2,3,1,2,4,4,3,4,3,3,2,3,2,2,NA,NA,NA,NA,NA,NA,NA,1,1,"biking",NA,NA,5,1,"",4,1,3,2,4,2,"",0,1,TRUE,FALSE,712,0.514396588594512,3.66666666666667,4,3,-0.453881555096156,-1.59063966582535,-1.10910957618592,1.2500195128112
"714",734,"ga0A5miCVoi6PZZbuA8zfQ**",1,2,70,2,5,1,"",1,6,NA,NA,NA,1,NA,NA,"",2,2,"",NA,6,NA,5,4,2,3,4,2,2,14,14,13,13,12,11,3,1,3,1,1,NA,1,4,4,2,3,2,2,3,4,2,3,3,4,2,4,2,2,NA,NA,NA,1,NA,NA,NA,NA,1,"",NA,NA,2,1,"not at this time",5,4,4,2,4,2,"",0,1,TRUE,FALSE,714,0.514396588594512,4.66666666666667,4,4.66666666666667,-0.571546212118433,-1.44267371066926,0.672762967767894,-0.400554603230949
"715",575,"ga0A5miCVogoe-L4m3a36Q**",1,2,32,2,3,4,"",9,1,1,NA,NA,NA,NA,NA,"",2,2,"",NA,6,NA,3,4,3,4,3,2,2,13,13,13,13,12,11,3,1,3,1,3,1,NA,4,2,3,5,4,3,3,4,3,3,3,4,2,5,3,3,NA,NA,NA,NA,NA,NA,NA,NA,NA,"",NA,NA,5,2,"",3,2,3,3,2,4,"",1,0,FALSE,FALSE,715,0.936024804290519,3.66666666666667,3,3.33333333333333,0.612147818491134,-1.09359226595602,1.78648794117807,-0.648445757386179
"732",1340,"ga0A5miCVohgCNys5_YRJA**",1,2,59,1,3,5,"",9,6,1,NA,NA,NA,NA,NA,"",2,1,"",NA,NA,2,3,4,2,2,3,2,4,15,13,14,14,12,11,3,1,1,1,1,NA,1,1,3,1,5,3,2,3,4,1,2,4,5,1,3,1,2,NA,1,NA,1,NA,NA,NA,NA,NA,"",NA,NA,3,2,"",3,1,2,4,3,1,"",0,1,FALSE,FALSE,732,1.61221162203818,3.66666666666667,1.66666666666667,2.66666666666667,-0.399985005915638,-3.10316916785621,-0.604001505248988,1.2446862049173
"734",2130,"ga0A5miCVoizrhl4p7uN0Q**",1,3,33,2,2,7,"Housewife",9,3,1,NA,NA,NA,NA,NA,"",2,1,"",NA,NA,1,4,7,2,2,5,3,2,13,13,13,15,15,11,3,1,3,1,3,NA,1,6,3,4,4,2,2,1,2,4,2,2,1,3,1,2,2,NA,NA,NA,NA,NA,NA,NA,NA,NA,"",NA,NA,2,1,"N/A.",2,1,5,5,4,1,"",0,1,FALSE,TRUE,734,0.415545999862478,3.33333333333333,2,4,-1.28635089474661,0.2448688200436,-3.47268526645199,-0.231238554064221
"751",796,"ga0A5miCVojwP955gulb1g**",1,3,58,1,5,1,"",1,3,1,NA,NA,NA,NA,NA,"",2,2,"",NA,7,NA,4,2,2,4,1,2,2,15,15,14,13,13,11,3,3,3,3,3,1,NA,4,3,3,2,1,2,3,3,3,3,2,3,2,3,2,2,NA,NA,NA,1,NA,NA,NA,1,1,"Snow shoeing",NA,NA,3,1,"",3,4,1,3,4,2,"",1,0,TRUE,TRUE,751,0.393336743892783,4,1.66666666666667,3.66666666666667,-1.0258633458841,-0.444301656361175,-0.370892926525354,-1.14681956263922
"758",1956,"ga0A5miCVoghbnQ8GX4yxA**",1,1,58,2,6,1,"",2,7,1,NA,NA,NA,NA,NA,"",2,2,"",NA,7,NA,5,3,5,1,1,5,5,12,11,15,13,11,11,3,1,1,1,1,1,NA,4,4,3,4,2,4,5,3,3,2,4,5,2,5,1,2,NA,NA,NA,1,1,NA,NA,1,NA,"",NA,NA,1,2,"I need more info. ",5,2,2,4,4,2,"",1,0,TRUE,FALSE,758,0.514396588594512,5,4,4.66666666666667,-0.924465587282134,0.223629341680464,2.76051976657827,-1.13287711499761
"759",799,"ga0A5miCVogh2juNscPwRQ**",1,2,33,2,5,7,"",9,7,1,NA,NA,NA,NA,NA,"",2,2,"",NA,7,NA,4,1,2,4,1,5,3,15,14,13,14,13,11,3,3,1,1,2,NA,1,5,4,4,3,2,4,3,2,3,4,2,2,2,3,2,2,NA,NA,NA,1,NA,NA,NA,NA,NA,"",NA,NA,4,1,"",3,2,3,1,4,2,"",0,1,TRUE,FALSE,759,0.514396588594512,4.66666666666667,4,3,-1.32159719890117,0.922184727337685,-0.546526504909614,-1.67765894733743
"761",912,"ga0A5miCVohvSGEr20Dvag**",1,1,67,1,4,5,"",8,7,NA,NA,NA,1,NA,NA,"",2,1,"",NA,NA,2,4,6,4,5,2,1,4,12,11,15,14,11,11,3,1,3,1,1,NA,1,4,4,3,4,1,3,4,4,2,4,3,4,2,3,1,2,NA,NA,NA,NA,NA,NA,NA,NA,1,"None",NA,NA,3,1,"",4,1,2,4,4,1,"",0,1,FALSE,FALSE,761,1.61221162203818,4.33333333333333,3,4.33333333333333,-1.19130773405848,-0.0736773903990071,0.0669012910590041,0.590719019361013
"764",680,"ga0A5miCVoj8YlAjkiZ0oA**",1,2,NA,2,5,1,"",1,6,1,NA,NA,NA,NA,NA,"",2,1,"",NA,NA,1,4,6,2,3,2,3,2,13,13,14,14,12,11,3,1,2,1,1,NA,1,5,3,3,2,4,3,4,3,3,4,2,3,3,3,2,3,NA,1,1,NA,NA,1,NA,1,NA,"",NA,1,2,1,"",3,1,2,4,4,1,"",0,1,TRUE,FALSE,764,0.514396588594512,3.66666666666667,3.66666666666667,3.66666666666667,0.181496371934957,-0.767338228388442,-0.0453381228487398,-1.09072555590872
"773",882,"ga0A5miCVojsMHQlrvsP4Q**",1,2,46,2,6,4,"",9,1,1,NA,NA,NA,NA,NA,"",2,1,"",NA,NA,1,3,7,2,2,2,2,2,14,14,14,12,13,11,3,3,3,3,3,NA,1,4,3,3,3,3,3,3,3,3,3,3,3,3,3,3,3,NA,NA,NA,NA,NA,NA,NA,NA,1,"kayaking",NA,NA,2,2,"no",4,1,2,5,4,1,"",0,1,TRUE,FALSE,773,0.514396588594512,4,3,3.33333333333333,0.585767974455258,-1.14923387478689,-0.560764189620366,-0.0219530714939459
"777",1125,"ga0A5miCVoiSQNmNwmnNhg**",1,2,18,2,3,1,"",3,2,1,NA,NA,NA,NA,NA,"",2,2,"",NA,7,NA,4,2,2,1,1,5,5,14,12,12,12,13,11,3,1,2,3,3,1,NA,6,5,5,2,4,5,5,2,4,5,2,2,4,2,5,5,NA,NA,NA,NA,NA,NA,1,1,NA,"",1,NA,1,1,"Let them back!",5,4,5,1,4,2,"",1,0,FALSE,FALSE,777,0.936024804290519,5,3.33333333333333,5,2.35040828514654,0.538330698781057,-0.199428080041408,-1.34512440204177
"778",1494,"ga0A5miCVohFvEgMPKyuWQ**",1,1,55,1,2,6,"",8,1,1,NA,NA,NA,NA,NA,"",2,1,"",NA,NA,2,3,4,2,3,3,3,2,13,13,13,13,13,11,3,3,3,3,1,1,NA,4,4,4,3,3,2,3,3,4,4,3,3,3,4,2,3,NA,NA,NA,NA,1,NA,NA,NA,NA,"",NA,NA,3,2,"It might be a good thing. Would they help control the wild pig population?",4,1,3,3,4,1,"",1,0,FALSE,FALSE,778,1.61221162203818,3,2.33333333333333,3,-0.322972659235543,0.770503447333149,1.07931508442813,-1.34101671735724
"782",2023,"ga0A5miCVogYr0uijuMEVA**",1,3,NA,1,3,5,"",8,2,1,NA,NA,NA,NA,NA,"",2,3,"",3,NA,NA,2,4,2,3,4,2,2,14,14,12,13,13,11,3,1,2,1,1,NA,1,7,3,3,3,2,3,3,3,3,4,2,4,4,4,2,3,NA,NA,NA,NA,1,NA,NA,NA,NA,"",NA,NA,1,1,"",3,1,3,4,3,4,"",0,1,FALSE,TRUE,782,0.715737539645185,4,2,4.66666666666667,0.304891977238439,-0.62416957816035,1.27933369514325,-1.69533151168124
"787",695,"ga0A5miCVoifACTG7RUCRA**",1,2,66,2,3,1,"",3,7,1,NA,NA,NA,NA,NA,"",2,2,"",NA,6,NA,4,4,2,4,4,2,2,15,13,14,13,12,11,3,3,1,1,1,NA,1,4,3,3,2,1,2,3,3,3,4,3,3,3,3,2,2,NA,NA,NA,NA,NA,NA,NA,NA,NA,"",NA,NA,4,2,"",3,3,2,4,4,2,"",0,1,FALSE,FALSE,787,0.936024804290519,4,3.33333333333333,3.66666666666667,-0.898751402664018,-0.216426790339186,-0.694972086266905,0.137769381963329
"790",1263,"ga0A5miCVoiPZeOKw7iQzg**",1,3,23,2,5,2,"",2,3,1,NA,NA,NA,NA,NA,"",2,2,"",NA,7,NA,4,1,5,4,1,5,2,14,14,13,13,12,11,3,1,2,2,2,NA,1,7,5,3,2,1,5,3,2,3,5,3,3,4,3,3,4,NA,NA,NA,NA,NA,NA,NA,1,NA,"",NA,NA,1,2,"I support this idea but once again I think it's necessary to consider the ecological impacts before proceeding.",5,3,4,1,4,2,"",0,1,TRUE,TRUE,790,0.228365149890846,5,3.66666666666667,3.66666666666667,1.64109410955887,-0.98610652712845,-0.0633337675214403,-1.09350416806059
"792",1040,"ga0A5miCVoiuM_xVktHRHg**",1,3,67,1,5,1,"",3,6,NA,NA,1,NA,NA,NA,"",2,3,"",3,NA,NA,5,7,1,5,5,1,2,15,15,13,15,13,11,3,1,2,1,1,1,NA,4,3,1,4,3,1,4,4,1,1,3,5,1,4,1,1,NA,NA,1,1,NA,1,NA,NA,1,"ATV",NA,NA,4,1,"Apparently those who are proposing this have never encountered a bear in the forest.",1,1,1,5,4,1,"",1,0,TRUE,TRUE,792,0.393336743892783,3.66666666666667,2.66666666666667,2.66666666666667,-1.51858391496622,-2.49192874244119,0.774981070386159,-0.50384358955115
"793",1044,"ga0A5miCVohwYipFprJSHQ**",1,3,18,1,2,2,"",5,5,NA,NA,NA,1,NA,NA,"",2,1,"",NA,NA,1,3,6,2,3,2,3,3,12,13,13,13,12,11,3,1,3,3,3,1,NA,5,2,3,4,4,3,3,4,3,3,3,4,4,3,2,4,NA,1,NA,1,NA,1,NA,NA,NA,"",1,1,3,1,"No",3,1,2,4,4,1,"",1,0,FALSE,TRUE,793,0.715737539645185,4.33333333333333,3.33333333333333,4,1.57013576990677,-1.72866084794761,-0.054523036229065,0.756985133702052
"794",867,"ga0A5miCVoi9V9wle_7jKg**",1,3,25,2,3,1,"",3,2,1,NA,NA,NA,NA,NA,"",2,2,"",NA,7,NA,4,4,5,1,1,5,5,14,14,13,15,13,11,3,1,1,1,1,NA,1,3,5,3,3,3,3,4,2,4,4,1,4,2,4,2,3,NA,NA,NA,1,1,1,1,NA,NA,"",1,NA,5,1,"",5,5,5,4,4,3,"Bernie sanders",0,1,FALSE,TRUE,794,0.415545999862478,4.66666666666667,4,5,-0.259450860336459,0.0442213201246987,2.41368996818506,-4.70481812465494
"795",1087,"ga0A5miCVogiO93V2fCE7w**",1,3,29,2,7,1,"",2,5,1,NA,NA,NA,NA,NA,"",2,2,"",NA,6,NA,3,4,2,3,3,2,2,15,12,14,14,12,11,3,1,3,1,1,1,NA,4,4,3,4,1,4,3,4,3,4,3,5,4,4,2,2,NA,NA,NA,1,1,1,1,NA,NA,"",1,1,1,1,"",3,2,1,3,4,2,"",1,0,TRUE,TRUE,795,0.228365149890846,4.33333333333333,3.66666666666667,3,-0.60092781331541,0.327653642816647,1.48468114895014,0.299242369160632
"799",572,"ga0A5miCVoh-ZBnNck7rCQ**",1,3,NA,2,6,1,"",1,4,1,NA,NA,NA,NA,NA,"",1,2,"",NA,6,NA,3,5,5,3,3,5,5,14,14,12,14,12,11,3,1,3,1,2,1,NA,4,4,3,4,4,5,3,3,4,3,3,4,5,4,3,4,NA,NA,NA,1,NA,1,NA,NA,NA,"",NA,NA,4,1,"",2,1,4,3,4,2,"",1,0,TRUE,TRUE,799,0.47189008404451,5,2.66666666666667,3,1.98719035264119,-1.00504785139692,1.44994343505359,-0.996338246598605
"803",716,"ga0A5miCVojb1zXxKcgg-Q**",1,3,39,2,3,1,"",3,3,NA,NA,NA,1,NA,NA,"",2,1,"",NA,NA,2,4,4,2,1,4,1,2,13,13,14,14,13,11,3,1,3,3,1,1,NA,5,4,4,2,2,2,3,2,3,4,3,3,2,2,3,3,NA,NA,NA,1,1,NA,NA,NA,NA,"",NA,NA,1,2,"No",4,1,4,4,1,4,"",1,0,FALSE,TRUE,803,0.415545999862478,4.33333333333333,3,4,-0.25611307700857,0.122941137721009,-1.10383045478433,-0.490832764239172
"811",1758,"ga0A5miCVohVBUfe2HThig**",1,3,67,1,3,5,"",8,2,1,NA,NA,NA,NA,NA,"",2,2,"",NA,7,NA,5,3,3,2,4,5,5,15,12,14,14,11,11,3,1,3,1,1,NA,1,6,4,4,2,1,5,4,4,3,5,5,4,3,3,3,3,NA,NA,NA,NA,NA,NA,NA,NA,1,"None",NA,NA,2,2,"Although I was raised in Northern California, over the years I've lived in a number of other states, particularly Idaho and Wyoming - both of which have grizzly bear populations. I'd like to see grizzly bears re-introduced to California.",5,5,3,4,1,4,"",0,1,FALSE,TRUE,811,0.715737539645185,5,1.33333333333333,5,0.389400493827,0.683945202309081,-0.111683523049854,3.09069983518954
"816",1061,"ga0A5miCVohSqRJd7e2qSQ**",1,3,55,2,3,5,"",8,6,1,NA,NA,NA,NA,NA,"",2,1,"",NA,NA,1,4,6,2,2,4,2,2,15,14,14,NA,13,11,3,1,3,1,1,NA,1,4,3,3,1,1,3,3,3,3,4,3,3,3,3,3,3,NA,NA,NA,1,NA,1,NA,NA,NA,"",NA,NA,1,1,"",3,1,3,3,4,1,"",0,1,FALSE,TRUE,816,0.415545999862478,2.66666666666667,2.33333333333333,3.33333333333333,0.515836166559043,-0.96056786898812,-0.578991752213377,0.0939300713922618
"820",1156,"ga0A5miCVohDCfdH4tAIvw**",1,3,44,2,2,6,"",9,1,NA,1,NA,NA,NA,NA,"",2,3,"",5,NA,NA,2,2,1,1,4,3,4,13,13,13,13,13,11,3,2,3,1,3,1,NA,4,3,3,4,4,2,3,3,3,3,2,4,1,4,1,2,NA,NA,NA,NA,NA,NA,NA,NA,NA,"",NA,NA,5,2,"",4,1,3,2,1,4,"",1,0,FALSE,TRUE,820,0.415545999862478,4.33333333333333,4,3.66666666666667,-1.41967850901706,-0.188791010421244,1.22971930845111,-2.28593641137361
"830",1055,"ga0A5miCVojuDTcPbXSNWw**",1,3,35,2,4,1,"",1,3,1,NA,NA,NA,NA,NA,"",2,1,"",NA,NA,2,4,4,5,4,4,5,2,12,11,15,14,11,11,3,1,3,1,1,1,NA,6,4,3,4,3,4,4,2,3,5,3,3,4,4,3,3,NA,1,1,NA,NA,1,NA,1,NA,"",NA,1,1,1,"",4,1,4,2,4,1,"",1,0,FALSE,TRUE,830,0.415545999862478,4.66666666666667,3.66666666666667,4,0.598289409079402,-0.368602485174031,0.808841876536148,-1.42232359755614
"831",948,"ga0A5miCVogeu-rKcOD2cg**",1,3,NA,2,3,4,"",9,1,NA,NA,NA,1,1,NA,"",2,2,"",NA,7,NA,4,2,2,3,4,2,3,14,14,12,13,12,11,3,3,2,3,3,1,NA,5,4,4,2,2,3,3,3,4,4,3,3,4,3,3,2,NA,NA,NA,NA,NA,NA,NA,1,NA,"",NA,NA,3,1,"Mo",4,2,4,4,4,2,"",1,0,FALSE,TRUE,831,0.415545999862478,4,4,4,-0.878830462046127,1.27989657262557,-0.192924833959319,0.266027030799413
"832",1359,"ga0A5miCVoiJznfM54XMKw**",1,3,52,2,4,6,"",8,3,1,NA,NA,NA,NA,NA,"",2,2,"",NA,7,NA,4,1,5,4,1,5,5,15,12,13,12,12,11,3,1,2,2,3,NA,1,7,5,5,1,1,5,4,1,5,5,3,1,5,1,5,5,NA,1,NA,1,NA,1,NA,1,NA,"",NA,NA,1,1,"I think it's a great idea!",5,3,4,1,4,2,"",0,1,FALSE,TRUE,832,0.415545999862478,5,3.33333333333333,5,2.4596067383195,0.620689810218427,-2.05965524090707,-0.311397084815596
"837",1168,"ga0A5miCVogroj1f3S3kgA**",1,3,24,2,2,7,"Homemaker",9,1,1,NA,NA,NA,NA,NA,"",2,3,"",4,NA,NA,1,NA,2,4,3,3,5,13,12,14,14,11,11,3,1,3,1,3,1,NA,5,5,3,4,4,4,5,5,3,4,3,4,2,5,3,3,NA,1,NA,1,NA,1,NA,NA,NA,"",NA,NA,1,3,"",2,1,5,4,1,4,"",1,0,FALSE,TRUE,837,0.415545999862478,5,3.66666666666667,4.66666666666667,0.483398178056995,-0.175334880016749,2.72171923665068,-0.546064787280181
"844",818,"ga0A5miCVojq06tqirLHVg**",1,3,43,2,3,1,"",2,3,1,NA,NA,NA,NA,NA,"",2,1,"",NA,NA,1,4,6,2,3,2,2,5,13,13,12,13,13,11,3,1,3,3,3,NA,1,7,5,5,2,2,3,4,2,4,5,3,2,4,3,3,3,NA,NA,NA,NA,NA,1,NA,NA,NA,"",NA,NA,2,1,"",5,4,5,3,4,1,"",0,1,FALSE,TRUE,844,0.415545999862478,3.33333333333333,3.66666666666667,4.33333333333333,-0.376901370682006,2.03495089321981,0.0810154567127237,-0.99149225883116
"847",1297,"ga0A5miCVogWQS8TEdGUPA**",1,3,55,1,3,1,"",2,1,1,NA,NA,NA,NA,NA,"",2,3,"",4,NA,NA,4,4,5,4,5,5,5,12,11,15,15,11,11,3,3,3,1,3,NA,1,7,5,4,4,2,3,4,4,4,5,2,4,3,3,2,2,NA,NA,NA,1,NA,NA,NA,NA,NA,"",NA,NA,2,2,"",5,3,4,2,4,1,"",0,1,FALSE,TRUE,847,0.715737539645185,4.33333333333333,2,3.66666666666667,-1.4709952497766,1.90347794511517,1.04383623967323,-0.492365328288234
"850",1048,"ga0A5miCVogY7UYRX3YEEg**",1,3,41,2,3,1,"",2,3,1,NA,NA,NA,NA,NA,"",2,1,"",NA,NA,2,4,4,2,3,3,4,2,12,15,12,13,13,11,3,1,1,1,1,NA,1,6,4,3,3,3,4,4,4,2,4,3,5,3,4,2,3,NA,NA,NA,1,NA,1,1,1,NA,"",1,NA,4,1,"",5,3,4,3,1,1,"",0,1,FALSE,TRUE,850,0.415545999862478,3.66666666666667,3,3,0.34703147495301,-0.595254141625765,1.71707623141181,-0.104239171566233
"852",1627,"ga0A5miCVoiwWd0-6xuUaQ**",1,3,42,2,2,6,"",9,1,1,NA,NA,NA,NA,NA,"",1,2,"",NA,6,NA,4,2,2,3,4,2,2,13,12,13,12,12,11,3,3,3,3,3,1,NA,6,4,4,4,4,4,4,4,4,4,4,4,4,4,4,4,NA,NA,NA,NA,NA,NA,NA,NA,NA,"",NA,NA,1,1,"",4,2,5,2,4,2,"",1,0,FALSE,TRUE,852,0.858677591100012,4,4,3.66666666666667,1.68503402521474,0.151994169828397,1.54124109114462,0.835515389830378
"853",397,"ga0A5miCVojuyXA6sJbpWQ**",1,3,61,2,3,2,"",3,2,1,NA,NA,NA,NA,NA,"",2,1,"",NA,NA,1,4,4,3,3,3,3,3,13,13,13,13,13,11,3,1,3,3,1,1,NA,4,3,3,3,3,3,3,3,3,3,3,3,3,3,3,3,NA,NA,NA,NA,NA,NA,NA,NA,1,"minding my own business and leaving things alone like you should",NA,NA,3,3,"",3,3,3,3,4,1,"",1,0,FALSE,TRUE,853,0.415545999862478,3,3,3.66666666666667,0.585767974455258,-1.14923387478689,-0.560764189620366,-0.0219530714939459
"855",1245,"ga0A5miCVojpdeP30yHCOA**",1,3,29,2,3,7,"",9,2,NA,NA,NA,1,NA,NA,"",2,3,"",4,NA,NA,3,4,5,5,5,5,2,14,14,12,13,13,11,3,3,3,1,3,1,NA,6,4,3,3,3,3,3,3,3,3,3,3,3,3,3,3,NA,NA,NA,NA,1,NA,NA,NA,NA,"",NA,NA,1,1,"",5,2,5,4,1,4,"",1,0,FALSE,TRUE,855,0.415545999862478,5,4,4.66666666666667,0.510447467461345,-0.96765479367465,-0.36199028952823,-0.329928180990049
"857",1303,"ga0A5miCVohRhLk7IA6Dhw**",1,3,54,2,6,1,"",1,4,1,NA,NA,NA,NA,NA,"",2,3,"",3,NA,NA,3,4,2,4,4,1,5,15,14,12,13,13,11,3,1,1,1,3,NA,1,6,5,4,1,1,4,4,4,4,5,2,2,2,2,3,3,NA,NA,NA,1,NA,NA,NA,1,NA,"",NA,NA,1,1,"",4,3,2,1,1,2,"",0,1,TRUE,TRUE,857,0.228365149890846,5,3,3.66666666666667,-0.145456710858404,0.842797402474332,-0.912886305067038,0.162475295873017
"859",939,"ga0A5miCVoivPv_9bgYvHQ**",1,3,29,1,2,1,"",3,3,1,NA,NA,NA,NA,NA,"",2,3,"",3,NA,NA,3,5,5,4,4,2,2,15,14,13,14,12,11,3,1,3,3,1,1,NA,5,3,3,2,2,4,3,3,3,4,3,3,3,3,3,3,NA,NA,NA,NA,NA,NA,NA,NA,NA,"",NA,NA,3,2,"I can't think of anything. It would be a cool idea to do this though.",4,2,3,3,4,1,"",1,0,FALSE,TRUE,859,0.715737539645185,4.33333333333333,3,4,0.633499613122777,-0.940668763352042,-0.608906877056893,0.258609097942567
"863",1521,"ga0A5miCVoihHYVj_mvmEw**",1,3,38,1,5,4,"",9,2,NA,NA,NA,1,NA,NA,"",2,2,"",NA,7,NA,3,1,2,5,1,5,2,12,12,15,15,12,11,3,1,2,1,1,NA,1,3,5,5,2,1,4,3,4,4,4,4,2,5,2,4,4,NA,1,NA,1,1,1,1,1,NA,"",NA,1,2,1,"",5,5,5,1,3,4,"",0,1,TRUE,TRUE,863,0.393336743892783,4.66666666666667,3,4.33333333333333,1.37002606125989,0.985727322878212,-1.37587008212118,2.51795548576757
"872",885,"ga0A5miCVojAyab4_o6Yhw**",1,3,51,2,2,6,"",8,2,1,NA,NA,NA,NA,NA,"",2,3,"",5,NA,NA,5,1,5,5,1,5,5,15,15,12,13,14,11,3,1,3,3,1,1,NA,7,5,5,5,1,5,4,1,5,5,1,1,5,1,2,5,NA,NA,NA,NA,1,NA,NA,NA,NA,"",NA,NA,1,1,"",5,2,5,3,4,3,"Bernie Sanders",1,0,FALSE,TRUE,872,0.415545999862478,5,3.33333333333333,4.33333333333333,1.52592476046582,0.961368392288073,-1.37706818662745,-2.72997308037696
"876",912,"ga0A5miCVogh2c0H0nz75Q**",1,3,37,2,6,1,"",7,4,NA,1,NA,NA,NA,NA,"",2,2,"",NA,7,NA,5,2,3,1,4,2,1,15,12,14,15,13,11,3,1,1,1,1,NA,1,6,4,4,4,1,3,5,3,2,5,3,3,3,3,2,2,NA,NA,NA,1,NA,1,NA,1,NA,"",NA,NA,1,1,"",2,3,1,4,4,2,"",0,1,TRUE,TRUE,876,0.228365149890846,5,4,4,-1.25576337744565,1.07784889122144,-0.0885246498441245,0.307128045727106
"877",1075,"ga0A5miCVoimCJYlMR_7Bg**",1,3,35,2,3,6,"",9,2,1,NA,NA,NA,NA,NA,"",1,3,"",4,NA,NA,3,3,5,4,4,5,5,13,13,14,14,12,11,3,1,3,3,1,NA,1,5,5,4,3,1,4,3,3,3,5,3,4,3,3,3,3,NA,NA,NA,NA,NA,1,NA,NA,NA,"",NA,NA,2,1,"",5,5,4,3,4,4,"",0,1,FALSE,TRUE,877,0.858677591100012,5,3.66666666666667,4.33333333333333,0.00648131392738726,0.761712440105887,0.519086945345191,-0.165915579779522
"897",1074,"ga0A5miCVoizG6FXaQNNzQ**",1,3,64,1,6,2,"",4,7,1,NA,NA,NA,NA,NA,"",2,1,"",NA,NA,2,4,6,4,2,2,4,4,13,13,13,13,13,11,3,1,1,1,1,NA,1,3,2,3,3,3,2,4,4,2,4,4,4,3,3,2,2,NA,NA,NA,1,1,NA,NA,NA,NA,"",NA,NA,4,1,"",4,1,2,4,4,1,"",0,1,TRUE,TRUE,897,0.393336743892783,3.33333333333333,2.66666666666667,2.33333333333333,-0.696996095882472,-0.530536453294805,-0.640908353595225,2.35298660364598
"899",1898,"ga0A5miCVojV452oGE_Lew**",1,3,54,2,3,1,"",3,2,1,NA,NA,NA,NA,NA,"",2,1,"",NA,NA,1,3,5,2,4,3,3,4,15,14,13,12,13,11,3,1,2,1,1,1,NA,4,4,2,4,3,3,4,3,4,4,3,4,2,4,2,3,NA,1,NA,1,NA,NA,NA,1,NA,"",NA,NA,3,2,"I think it would be ok as long as the bears are put far enough away from ranches and farms. All bears are unpredictable. So, I really don't know how I feel about it.",5,4,3,3,4,1,"",1,0,FALSE,TRUE,899,0.415545999862478,3.33333333333333,3,3.33333333333333,0.377191706342256,-1.18942259936723,1.39314652400993,-1.68947226441258
"912",1183,"ga0A5miCVoiTLGSQvO-qUA**",1,3,34,1,3,1,"",3,2,1,NA,NA,NA,NA,NA,"",2,1,"",NA,NA,1,4,6,5,2,2,5,1,15,13,14,13,12,11,3,1,2,2,1,1,NA,5,4,2,1,1,1,1,4,1,4,1,3,3,5,1,1,NA,NA,NA,1,NA,NA,NA,NA,NA,"",NA,NA,2,1,"No comment",4,2,3,4,4,1,"",1,0,FALSE,TRUE,912,0.715737539645185,3.33333333333333,2.33333333333333,4,-1.96282412599622,-0.94363907427232,0.982903828438128,-2.52881329716081
"913",998,"ga0A5miCVogk62itKEk0GQ**",1,3,24,2,3,1,"",4,2,1,NA,NA,NA,NA,NA,"",2,2,"",NA,7,NA,4,1,5,1,1,5,5,14,14,14,14,12,11,3,2,2,1,3,NA,1,3,4,3,4,2,2,4,4,2,2,3,4,2,4,2,2,NA,NA,NA,1,NA,NA,NA,NA,NA,"",NA,NA,5,1,"",5,5,5,1,4,2,"",0,1,FALSE,TRUE,913,0.415545999862478,4,2,4.66666666666667,-0.873001237565055,-0.495362140408985,1.1106786309845,-0.439847217940766
"921",1386,"ga0A5miCVohc0MXG8NTuFg**",1,3,30,1,4,1,"",1,2,NA,1,NA,NA,NA,NA,"",2,1,"",NA,NA,1,5,1,5,5,2,2,3,15,11,11,11,13,11,3,1,1,2,1,1,NA,7,3,5,1,1,5,5,1,5,5,5,1,5,1,3,3,NA,1,1,NA,1,NA,NA,NA,NA,"",NA,NA,1,1,"",3,1,3,5,4,1,"",1,0,FALSE,TRUE,921,0.715737539645185,3,5,5,0.157566560420456,1.86336107746379,-3.11908210836296,2.66678110901689
"922",1874,"ga0A5miCVogi97kaFhSZPA**",1,3,64,2,5,1,"",1,7,1,NA,NA,NA,NA,NA,"",2,2,"",NA,7,NA,5,2,2,1,4,2,2,13,12,14,12,12,11,3,1,2,1,1,1,NA,6,5,4,2,1,3,3,2,4,5,3,3,4,3,3,3,NA,NA,NA,NA,NA,NA,NA,NA,1,"Outdoor motorsports recreation ",NA,NA,3,1,"Living in a rural agriculture area I am well aware of the issues and hostilities of farmers and ranchers to predatory wildlife.",4,2,4,3,4,2,"",1,0,TRUE,TRUE,922,0.228365149890846,4,3.66666666666667,4,-0.0402171468227347,0.992948453730493,0.199835628583642,-1.11564384138369
"925",939,"ga0A5miCVojqpyHZx4i42w**",1,3,63,2,5,1,"",1,2,1,NA,NA,NA,NA,NA,"",2,2,"",NA,7,NA,4,2,2,4,4,5,2,13,12,14,13,12,11,3,1,2,3,1,1,NA,6,5,4,3,3,3,4,3,4,5,3,4,3,4,3,3,NA,NA,NA,NA,1,1,NA,NA,NA,"",NA,NA,1,1,"",3,2,3,3,4,2,"",1,0,TRUE,TRUE,925,0.228365149890846,4,3.66666666666667,4,-0.120617782924937,1.22100779838559,1.94365198572061,-1.3202130462499
"927",1081,"ga0A5miCVohfOQZnUUQmrQ**",1,3,35,2,4,1,"",1,2,NA,NA,NA,NA,1,NA,"",2,2,"",NA,6,NA,1,NA,5,3,3,2,1,15,14,11,12,11,11,3,1,3,1,1,NA,1,1,5,3,5,4,4,4,4,4,1,3,4,2,2,1,3,NA,NA,NA,NA,NA,NA,NA,NA,NA,"",NA,NA,4,2,"I don't think its right to reintroduce something they eliminated. If it was killed off, then why should they have the right to reintroduce it. ",5,2,5,2,4,1,"",0,1,FALSE,TRUE,927,0.415545999862478,5,3,4.66666666666667,-0.021566960210714,-0.555300244076465,-0.194279546584821,0.191988095153004
"928",1504,"ga0A5miCVohwKkw7WTh28w**",1,3,85,1,3,5,"",8,2,1,NA,NA,NA,NA,NA,"",2,2,"",NA,7,NA,5,1,5,4,1,5,2,14,12,14,13,12,11,3,1,3,1,1,1,NA,5,4,4,4,1,3,3,3,3,3,3,3,3,4,3,2,NA,NA,NA,NA,NA,NA,NA,NA,NA,"",NA,NA,NA,2,"while it sounds somewhat like a good idea I'm not really sure that it would be a good idea.",4,1,2,4,4,2,"",1,0,FALSE,TRUE,928,0.715737539645185,3,3,3,-0.862113195761036,0.828513656698957,0.679686653786992,-0.632427316087685
"931",1696,"ga0A5miCVois3tquLEU4vw**",1,3,30,2,4,2,"",3,2,1,NA,NA,NA,NA,NA,"",2,1,"",NA,NA,2,2,NA,2,3,3,2,2,13,15,12,14,13,11,3,1,3,1,1,NA,1,6,4,4,3,2,5,3,3,3,5,3,2,4,3,3,3,NA,NA,NA,1,1,NA,NA,NA,NA,"",NA,NA,2,1,"",5,1,5,4,4,2,"",0,1,FALSE,TRUE,931,0.415545999862478,3.66666666666667,3.33333333333333,3.66666666666667,0.395508728095049,0.452114359860629,-0.802664752835621,0.574714354144911
"934",838,"ga0A5miCVogqePWXa5S90Q**",1,3,65,2,3,5,"",8,2,1,NA,NA,NA,NA,NA,"",2,2,"",NA,7,NA,5,3,5,4,1,2,5,13,13,13,14,12,11,3,1,3,1,3,NA,1,4,4,3,1,1,3,3,3,3,4,3,4,3,3,3,3,NA,NA,NA,NA,1,NA,NA,NA,NA,"",NA,NA,4,2,"",4,1,2,4,4,2,"",0,1,FALSE,TRUE,934,0.415545999862478,3.33333333333333,3,3.33333333333333,0.405813050081564,-0.685013651306156,0.158290420373275,-0.261606092479982
"936",1196,"ga0A5miCVohHY055VzaAtA**",1,3,42,2,3,1,"",2,7,1,NA,NA,NA,NA,NA,"",2,1,"",NA,NA,2,3,4,2,3,4,3,2,15,13,14,13,13,11,3,1,1,3,1,NA,1,5,4,3,3,1,2,3,3,3,4,3,2,3,3,2,2,NA,NA,NA,NA,NA,1,NA,1,NA,"",NA,NA,2,1,"",3,1,2,4,4,1,"",0,1,FALSE,TRUE,936,0.415545999862478,3.66666666666667,4,3.33333333333333,-0.939369300174365,-0.128822845796671,-1.03470645866928,-0.122644673156634
"943",951,"",1,2,54,2,5,6,"",8,2,1,NA,NA,NA,NA,NA,"",2,1,"",NA,NA,1,2,6,4,3,3,3,2,15,13,14,13,12,11,3,3,3,3,1,NA,1,4,3,3,4,4,2,3,3,3,4,3,4,3,4,2,2,NA,NA,NA,NA,NA,NA,NA,NA,1,"none",NA,NA,5,2,"I am afraid of them and do not know much about bears in general",4,2,3,3,4,1,"",0,1,TRUE,FALSE,943,0.514396588594512,4,3.66666666666667,3,-0.901638004518472,-0.0338946312873615,0.855268648288503,-0.686203187518593
"949",671,"",1,2,36,2,3,2,"",2,2,NA,NA,NA,NA,1,NA,"",2,2,"",NA,7,NA,3,1,3,3,3,3,3,13,13,13,13,13,11,3,3,3,3,3,1,NA,4,3,3,3,3,3,3,3,3,3,3,3,3,3,3,3,NA,NA,NA,NA,NA,NA,NA,NA,1,"none",NA,NA,3,2,"",3,3,3,3,1,4,"",1,0,FALSE,FALSE,949,0.936024804290519,4,3.66666666666667,4,0.585767974455258,-1.14923387478689,-0.560764189620366,-0.0219530714939459
"950",930,"ga0A5miCVoj7UQTnirFwJw**",1,2,56,2,5,5,"",8,7,1,NA,NA,NA,NA,NA,"",2,1,"",NA,NA,1,5,6,2,3,4,2,4,14,13,13,13,12,11,3,3,3,3,3,NA,1,5,5,3,4,1,4,4,3,4,4,4,4,3,3,2,2,NA,NA,NA,NA,1,NA,NA,NA,NA,"",NA,NA,4,2,"Depends on where & how far from human contact it would be.",4,1,3,2,4,1,"",0,1,TRUE,FALSE,950,0.514396588594512,3,4,4,-0.819614281452227,0.670318853013719,0.27436572130345,0.586261349471896
"953",858,"ga0A5miCVoiYx1XUVsibYA**",1,2,65,2,2,5,"",8,7,1,NA,NA,NA,NA,NA,"",2,2,"",NA,6,NA,3,4,2,3,4,3,2,13,13,13,14,12,11,3,3,3,3,1,1,NA,4,3,3,2,2,2,3,3,3,4,3,3,3,3,2,2,NA,NA,NA,NA,NA,NA,NA,NA,NA,"",NA,NA,3,1,"",4,1,2,4,4,2,"",1,0,FALSE,FALSE,953,0.936024804290519,3,4,3.33333333333333,-0.898751402664018,-0.216426790339186,-0.694972086266905,0.137769381963329
"969",1005,"",1,1,38,1,7,2,"",5,7,1,NA,NA,NA,NA,NA,"",2,2,"",NA,7,NA,3,1,5,4,1,5,5,13,13,14,15,11,11,3,3,3,3,3,NA,1,6,4,4,1,1,5,4,2,5,5,2,1,5,2,3,4,NA,1,1,1,1,1,NA,NA,NA,"",NA,NA,1,1,"",3,2,5,2,4,2,"",0,1,TRUE,FALSE,969,0.885998057602182,4.66666666666667,4.33333333333333,4.33333333333333,1.35563434191214,0.355123677193471,-1.31061990307618,-0.993791330456161
"970",566,"ga0A5miCVoj5FPHSPmVQow**",1,1,22,1,3,NA,"",NA,7,NA,1,NA,1,NA,NA,"",1,2,"",NA,6,NA,2,4,3,3,3,3,3,11,12,15,13,12,11,3,3,3,3,3,1,NA,4,3,3,3,3,3,3,3,3,4,3,3,3,3,3,3,NA,1,NA,1,NA,1,NA,1,NA,"",NA,1,1,2,"",4,2,4,2,1,1,"",1,0,FALSE,FALSE,970,3.33144824499172,5,5,5,0.515836166559043,-0.96056786898812,-0.578991752213377,0.0939300713922618
"972",630,"",1,2,49,2,5,1,"",1,7,1,NA,NA,NA,NA,NA,"",2,1,"",NA,NA,2,4,4,2,4,3,2,5,14,12,14,13,12,11,3,1,1,1,1,1,NA,5,3,3,3,1,2,3,3,3,4,3,3,3,3,2,3,NA,NA,NA,1,NA,NA,NA,NA,NA,"",NA,NA,2,1,"",4,3,3,4,4,1,"",1,0,TRUE,FALSE,972,0.514396588594512,3.66666666666667,3.33333333333333,4,0.133882400359691,-0.867456319365738,-0.514751255204928,-0.213039545284768
"978",795,"",1,2,38,2,5,1,"",1,7,NA,NA,NA,1,NA,NA,"",2,2,"",NA,6,NA,3,3,3,4,4,3,5,13,13,13,15,12,11,3,1,3,1,3,NA,1,6,3,3,3,3,3,3,3,3,4,3,3,3,3,3,3,NA,NA,NA,NA,NA,NA,NA,NA,NA,"",NA,1,4,2,"No",3,2,3,1,4,2,"",0,1,TRUE,FALSE,978,0.514396588594512,4.66666666666667,2,4,0.515836166559043,-0.96056786898812,-0.578991752213377,0.0939300713922618
